"","date","dat$`Lufttemperatur (°C)`","dat$`Windböen (max) 10 min. (m/s)`","dat$`Windstärke Ø 10 min. (bft)`","dat$`Taupunkt (°C)`","dat$`Niederschlag (mm)`","dat$`Luftdruck QFE (hPa)`","dat$`Luftfeuchte (%)`","total","mean"
"1",2016-01-01 00:00:00,6.36666666666667,0.983333333333333,0.666666666666667,6.08333333333333,0,977.05,98,495868,70.4257917909388
"2",2016-01-01 01:00:00,6.55,1.13333333333333,0.833333333333333,6.2,0,977.083333333333,98,795942,123.440136476427
"3",2016-01-01 02:00:00,6.53333333333333,1.46666666666667,1,6.18333333333333,0.1,977.283333333333,97.8333333333333,217968,69.7720870678617
"4",2016-01-01 04:00:00,6.4,1.98333333333333,1.5,6.16666666666667,0,978.2,98.3333333333333,4767,49.1443298969072
"5",2016-01-01 05:00:00,6.36666666666667,2.66666666666667,2,6.21666666666667,0,978.4,98.8333333333333,177032,49.2028904947193
"6",2016-01-01 06:00:00,6.11666666666667,2.73333333333333,1.83333333333333,5.96666666666667,0,978.433333333333,99,200904,40.1888377675535
"7",2016-01-01 07:00:00,5.86666666666667,2.55,1.66666666666667,5.71666666666667,0,978.316666666667,98.8333333333333,189220,34.8214942951785
"8",2016-01-01 08:00:00,5.86666666666667,2.2,1.5,5.68333333333333,0,978.216666666667,99,175307,30.0904565739787
"9",2016-01-01 09:00:00,5.95,2.66666666666667,2,5.56666666666667,0,978.05,97.5,221074,34.8367475575165
"10",2016-01-01 10:00:00,5.81666666666667,3.6,2,4.65,0,977.683333333333,92,255019,32.4989167834841
"11",2016-01-01 11:00:00,5.1,4.4,2.5,4.26666666666667,0,977.433333333333,94.5,248323,30.6685192046437
"12",2016-01-01 12:00:00,5.25,3.45,1.66666666666667,4.36666666666667,0,976.6,94.1666666666667,222568,27.5217014962285
"13",2016-01-01 13:00:00,6,3.01666666666667,1.66666666666667,4.61666666666667,0,975.433333333333,90.6666666666667,274657,33.979586787084
"14",2016-01-01 14:00:00,6.58333333333333,3.91666666666667,2,4.81666666666667,0,974.75,88.8333333333333,268337,33.2264735017335
"15",2016-01-01 15:00:00,5.88333333333333,5.03333333333333,2.33333333333333,4.4,0,974.4,89.8333333333333,304961,37.7473697239757
"16",2016-01-01 16:00:00,5.41666666666667,5,2.16666666666667,4.1,0,974.15,91.3333333333333,354595,43.8638050470064
"17",2016-01-01 17:00:00,5.18333333333333,3.81666666666667,2,3.96666666666667,0,973.633333333333,92,368132,45.5101990357275
"18",2016-01-01 18:00:00,5.2,5.58333333333333,2.66666666666667,4.2,0,972.833333333333,93.3333333333333,344822,42.8031281032771
"19",2016-01-01 19:00:00,5.2,5.95,3,4.21666666666667,0,972.083333333333,93.3333333333333,275684,34.2592270411333
"20",2016-01-01 20:00:00,5.35,5.5,3,4.08333333333333,0,971.516666666667,91.6666666666667,306311,37.7509243283214
"21",2016-01-01 21:00:00,5.6,4.7,2.5,3.95,0,970.983333333333,89.1666666666667,257613,32.617498100785
"22",2016-01-01 22:00:00,5.35,3.5,1.83333333333333,3.9,0,970.95,90.3333333333333,269860,35.0968916634153
"23",2016-01-01 23:00:00,5.23333333333333,2.98333333333333,2,3.81666666666667,0,970.766666666667,90.6666666666667,187345,31.5980772474279
"24",2016-01-02 00:00:00,5.2,2.03333333333333,1,3.88333333333333,0,970.216666666667,91.1666666666667,144236,32.2387125614663
"25",2016-01-02 01:00:00,5.16666666666667,1.41666666666667,0.666666666666667,4.03333333333333,0,969.483333333333,92.3333333333333,4807,40.3949579831933
"26",2016-01-02 04:00:00,5.41666666666667,2.51666666666667,1.5,3.81666666666667,0,967.95,89.5,1784,16.0720720720721
"27",2016-01-02 05:00:00,5.4,1.58333333333333,1,3.96666666666667,0,967.683333333333,90.5,90635,24.344614558152
"28",2016-01-02 06:00:00,5.46666666666667,1.23333333333333,0.666666666666667,3.8,0,967.366666666667,88.8333333333333,159254,30.8273325590399
"29",2016-01-02 07:00:00,5.06666666666667,1.33333333333333,0.666666666666667,3.9,0.8,966.85,92.1666666666667,184642,32.877849002849
"30",2016-01-02 08:00:00,4.8,1.46666666666667,0.833333333333333,4.23333333333333,0.1,966.15,96,240553,39.3832678454486
"31",2016-01-02 09:00:00,5.01666666666667,2.18333333333333,1.33333333333333,4.48333333333333,0,965.983333333333,96,312389,46.3485163204748
"32",2016-01-02 10:00:00,5.41666666666667,1.23333333333333,0.833333333333333,4.61666666666667,0.1,965.75,94.3333333333333,370845,44.8259398041823
"33",2016-01-02 11:00:00,5.68333333333333,1.46666666666667,1,4.61666666666667,0.1,965.2,92.6666666666667,324822,38.1559967109127
"34",2016-01-02 12:00:00,5.93333333333333,3.3,1.83333333333333,4.75,0,964.8,92.1666666666667,332203,39.0551375499647
"35",2016-01-02 13:00:00,5.88333333333333,3.43333333333333,1.83333333333333,4.73333333333333,0.8,964.733333333333,92.5,448971,52.9571832979476
"36",2016-01-02 14:00:00,5.75,2.83333333333333,1.5,5.03333333333333,0.7,964.966666666667,95.3333333333333,516456,60.7881355932203
"37",2016-01-02 15:00:00,5.78333333333333,4.2,2,5.31666666666667,1.6,964.983333333333,96.6666666666667,513775,60.4939361827387
"38",2016-01-02 16:00:00,6.15,6.61666666666667,2,5.06666666666667,2,965.516666666667,92.8333333333333,508328,63.6523916854495
"39",2016-01-02 17:00:00,5.68333333333333,6.96666666666667,2.16666666666667,4.48333333333333,4.3,965.816666666667,92,675773,81.0960038401536
"40",2016-01-02 18:00:00,5.41666666666667,4.55,1.66666666666667,4.2,1.2,965.866666666667,91.8333333333333,466299,55.118085106383
"41",2016-01-02 19:00:00,5.68333333333333,4.16666666666667,1.66666666666667,4.36666666666667,0.7,965.716666666667,91.5,328686,38.8242381289865
"42",2016-01-02 20:00:00,5.7,5.18333333333333,2,4.38333333333333,0.5,965.75,91.5,379733,45.8725537569461
"43",2016-01-02 21:00:00,5.66666666666667,7.48333333333333,2.5,4.45,1.3,965.9,91.8333333333333,309193,38.9264761425154
"44",2016-01-02 22:00:00,5.86666666666667,6.96666666666667,2.5,4.4,0.1,965.833333333333,90.3333333333333,329697,42.3993055555556
"45",2016-01-02 23:00:00,6.11666666666667,7.41666666666667,2.5,4.16666666666667,0,965.733333333333,87.3333333333333,250473,41.2912957467854
"46",2016-01-03 00:00:00,6.25,6.65,2,4.06666666666667,0,965.683333333333,85.6666666666667,187789,40.7086494688923
"47",2016-01-03 01:00:00,6.21666666666667,7.46666666666667,2.5,3.95,0,965.683333333333,85.3333333333333,4928,40.3934426229508
"48",2016-01-03 04:00:00,6.06666666666667,5.51666666666667,1.66666666666667,3.28333333333333,0,965.083333333333,82.3333333333333,1818,16.3783783783784
"49",2016-01-03 05:00:00,6.01666666666667,3.96666666666667,1.16666666666667,3.18333333333333,0,964.916666666667,82,101226,27.3435980551053
"50",2016-01-03 06:00:00,6.06666666666667,6.03333333333333,2.33333333333333,3.08333333333333,0,964.516666666667,81,145854,28.2608021701221
"51",2016-01-03 07:00:00,6.05,6.33333333333333,2,3.01666666666667,0,964.166666666667,81,164307,29.429876410532
"52",2016-01-03 08:00:00,5.76666666666667,5,1.5,3.13333333333333,0.1,963.833333333333,83.1666666666667,185914,31.2513027399563
"53",2016-01-03 09:00:00,5.38333333333333,3.06666666666667,1.83333333333333,3.05,0,963.6,84.6666666666667,262683,40.6127087198516
"54",2016-01-03 10:00:00,6.06666666666667,3.56666666666667,2,3,0,963.116666666667,80.6666666666667,260176,32.7595064215563
"55",2016-01-03 11:00:00,5.98333333333333,3.75,2.33333333333333,3.78333333333333,0,962.15,85.5,255128,31.2388882086445
"56",2016-01-03 12:00:00,6.95,2.91666666666667,2,3.6,0,961.216666666667,79.1666666666667,278387,34.0784673766679
"57",2016-01-03 13:00:00,6.95,3.13333333333333,2,3.28333333333333,0,959.833333333333,77.1666666666667,328253,40.2122993997305
"58",2016-01-03 14:00:00,7.03333333333333,2.23333333333333,1.83333333333333,3.06666666666667,0,958.633333333333,75.6666666666667,360432,44.2193595877806
"59",2016-01-03 15:00:00,6.48333333333333,3.56666666666667,2.33333333333333,3.61666666666667,0,957.55,82,360644,44.2562277580071
"60",2016-01-03 16:00:00,6.06666666666667,3.25,2,3.21666666666667,0,956.383333333333,81.8333333333333,407399,49.9814746656852
"61",2016-01-03 17:00:00,5.25,1.71666666666667,1,3.03333333333333,0,955.583333333333,85.8333333333333,410555,50.313112745098
"62",2016-01-03 18:00:00,4.8,1.35,1,3.03333333333333,0,954.4,88.3333333333333,333030,40.9530250860797
"63",2016-01-03 19:00:00,4.31666666666667,1.26666666666667,0.833333333333333,2.85,0,953.316666666667,90.1666666666667,283064,34.8343588481418
"64",2016-01-03 20:00:00,4.26666666666667,2.21666666666667,1.33333333333333,2.98333333333333,0,952.25,91.5,287624,35.0760975609756
"65",2016-01-03 21:00:00,4.51666666666667,2.38333333333333,1.5,2.85,0,951.366666666667,88.8333333333333,251019,31.4915318027851
"66",2016-01-03 22:00:00,4.48333333333333,1.93333333333333,1,2.61666666666667,0,950.733333333333,87.5,210170,27.052387694684
"67",2016-01-03 23:00:00,4.43333333333333,1.7,1,2.8,0,949.433333333333,89,211987,35.1962477170845
"68",2016-01-04 00:00:00,4.5,1.83333333333333,1,3.03333333333333,0.3,948.783333333333,90.3333333333333,141748,31.1123792800702
"69",2016-01-04 01:00:00,3.8,2.63333333333333,2,2.75,2.8,948.683333333333,92.8333333333333,4958,44.2678571428571
"70",2016-01-04 04:00:00,2.9,7.61666666666667,2.83333333333333,1.96666666666667,1,947.916666666667,93.6666666666667,1472,11.4108527131783
"71",2016-01-04 05:00:00,3.21666666666667,7.33333333333333,3,2.33333333333333,2.4,947.916666666667,94.1666666666667,159786,30.8944315545244
"72",2016-01-04 06:00:00,4.18333333333333,6.11666666666667,2.5,2.65,0.1,947.816666666667,89.8333333333333,515397,41.9636052760137
"73",2016-01-04 07:00:00,5.13333333333333,6.58333333333333,2.16666666666667,2.78333333333333,0,947.566666666667,84.6666666666667,631897,45.8029138880835
"74",2016-01-04 08:00:00,5.85,7.5,2,2.76666666666667,0,947.566666666667,80.6666666666667,633104,48.2622350968135
"75",2016-01-04 09:00:00,4.55,6.8,2.5,3.25,0,948.533333333333,91.1666666666667,479510,41.6241319444444
"76",2016-01-04 10:00:00,3.33333333333333,9.06666666666667,2.66666666666667,2.55,0,949.066666666667,94.6666666666667,428923,38.0655839545616
"77",2016-01-04 11:00:00,4.18333333333333,9.11666666666667,2.83333333333333,2.9,0,949.066666666667,91.3333333333333,425672,37.4381706244503
"78",2016-01-04 12:00:00,5.31666666666667,6.33333333333333,1.83333333333333,3.61666666666667,0,948.85,88.6666666666667,447251,38.7129749848524
"79",2016-01-04 13:00:00,5.3,6.81666666666667,2,3.66666666666667,0,948.516666666667,89,462435,40.2397319874695
"80",2016-01-04 14:00:00,4.75,8.7,2.5,3.45,0,948.483333333333,91.1666666666667,404341,35.8871926866069
"81",2016-01-04 15:00:00,5.01666666666667,9.63333333333333,3,3.1,0,948.45,87.3333333333333,418919,36.3329575021683
"82",2016-01-04 16:00:00,5.58333333333333,6.56666666666667,2.33333333333333,3.2,0,948.633333333333,84.3333333333333,461448,34.8604668731586
"83",2016-01-04 17:00:00,5.46666666666667,5.66666666666667,2.16666666666667,3.23333333333333,0,948.933333333333,85.5,691549,50.7521649787172
"84",2016-01-04 18:00:00,5.81666666666667,5.06666666666667,1.66666666666667,3.46666666666667,0,948.966666666667,84.8333333333333,594662,44.7821372091272
"85",2016-01-04 19:00:00,6.01666666666667,5.4,2.16666666666667,2.9,0,949.05,80.5,378103,32.0616467395913
"86",2016-01-04 20:00:00,5.13333333333333,6.2,3,3.28333333333333,0,949.183333333333,87.6666666666667,450131,42.6704900938478
"87",2016-01-04 21:00:00,3.73333333333333,5.33333333333333,2.66666666666667,2.85,0,949.4,94.1666666666667,323203,39.1666262724188
"88",2016-01-04 22:00:00,3.53333333333333,5.06666666666667,2.66666666666667,2.68333333333333,0,949.383333333333,94.1666666666667,240394,30.3681152097019
"89",2016-01-04 23:00:00,3.15,3.2,2,2.36666666666667,0,949.166666666667,94.5,153652,25.1393979057592
"90",2016-01-05 00:00:00,3.08333333333333,3.9,2,2.36666666666667,0,948.783333333333,95,85336,18.3794960155072
"91",2016-01-05 01:00:00,3.48333333333333,4.33333333333333,2.16666666666667,2.73333333333333,0,948.616666666667,94.6666666666667,2387,19.8916666666667
"92",2016-01-05 04:00:00,3.7,2.38333333333333,1.5,3.13333333333333,0,948.5,96,1840,14.375
"93",2016-01-05 05:00:00,3.9,2.85,1.5,3.38333333333333,0,948.566666666667,96.6666666666667,125948,24.0083873427373
"94",2016-01-05 06:00:00,4,4.75,2.16666666666667,3.16666666666667,0,948.766666666667,94.5,450044,36.7173043974871
"95",2016-01-05 07:00:00,4.05,5.11666666666667,2.16666666666667,3.06666666666667,0,949.55,93.1666666666667,564130,40.9769739231496
"96",2016-01-05 08:00:00,4.4,6.16666666666667,2.83333333333333,3.38333333333333,0,950.15,93.1666666666667,633051,48.0348281356704
"97",2016-01-05 09:00:00,4.98333333333333,6.26666666666667,2.83333333333333,3.96666666666667,0,950.316666666667,93,363852,31.5980894485454
"98",2016-01-05 10:00:00,5.61666666666667,7.18333333333333,3.83333333333333,4.38333333333333,0,950.5,91.8333333333333,353673,31.5104240912331
"99",2016-01-05 11:00:00,6.43333333333333,6.61666666666667,2.5,3.81666666666667,0,950.6,84,363144,32.0176335743255
"100",2016-01-05 12:00:00,7.86666666666667,5.63333333333333,1.33333333333333,3.28333333333333,0,950.25,72.5,379364,32.7094326608036
"101",2016-01-05 13:00:00,9.36666666666667,4.76666666666667,1.5,3.21666666666667,0,949.916666666667,65.6666666666667,424639,36.809899445215
"102",2016-01-05 14:00:00,8.61666666666667,5.88333333333333,1.66666666666667,2.5,0,949.783333333333,65.3333333333333,431702,38.3054125998225
"103",2016-01-05 15:00:00,8.41666666666667,6.11666666666667,1.83333333333333,3.06666666666667,0,949.883333333333,69,531776,46.0412121212121
"104",2016-01-05 16:00:00,7.8,5.2,2,3.26666666666667,0,950.083333333333,73.1666666666667,525731,39.6838013285024
"105",2016-01-05 17:00:00,6.31666666666667,4.48333333333333,2.16666666666667,3,0,950.65,79.1666666666667,756075,55.3414580588494
"106",2016-01-05 18:00:00,6.25,4.81666666666667,2.5,3.35,0,951.033333333333,81.3333333333333,562308,42.1868107134819
"107",2016-01-05 19:00:00,5.75,5.06666666666667,2.66666666666667,3.28333333333333,0,951.3,84.1666666666667,449071,38.2611399846639
"108",2016-01-05 20:00:00,5.2,5.55,2.66666666666667,2.78333333333333,0,951.55,84.5,412840,39.3480747235989
"109",2016-01-05 21:00:00,5.11666666666667,4.25,2.16666666666667,2.68333333333333,0,951.833333333333,83.8333333333333,308260,37.2519637462236
"110",2016-01-05 22:00:00,5.6,5.65,3,3.46666666666667,0,952.1,86.1666666666667,270425,34.4271164863144
"111",2016-01-05 23:00:00,5.63333333333333,2.55,1.5,2.91666666666667,0,952.05,82.6666666666667,194665,31.9857048964837
"112",2016-01-06 00:00:00,5.25,5.25,1.83333333333333,2.31666666666667,0,952.35,81.3333333333333,85872,18.574951330305
"113",2016-01-06 01:00:00,5.36666666666667,5.1,2,2.23333333333333,0,952.15,80.1666666666667,2053,16.9669421487603
"114",2016-01-06 04:00:00,4.13333333333333,3.7,2,2.66666666666667,0,952.533333333333,90.1666666666667,3261,25.0846153846154
"115",2016-01-06 05:00:00,3.9,3.48333333333333,2,2.88333333333333,0,952.45,93,112826,21.5893608878684
"116",2016-01-06 06:00:00,3.78333333333333,4.25,2,2.66666666666667,0,952.533333333333,92.3333333333333,411312,33.5326919941301
"117",2016-01-06 07:00:00,3.56666666666667,4.8,2.33333333333333,2.2,0,952.666666666667,90.6666666666667,561562,40.7224075416969
"118",2016-01-06 08:00:00,3.58333333333333,3.91666666666667,2,2.03333333333333,0,952.833333333333,89.5,641163,48.739110604333
"119",2016-01-06 09:00:00,4.33333333333333,4.95,2.5,2.18333333333333,0,952.966666666667,86,364822,31.6493450160493
"120",2016-01-06 10:00:00,4.78333333333333,6.55,3.16666666666667,2.28333333333333,0,953.15,83.6666666666667,355649,31.5096128289182
"121",2016-01-06 11:00:00,5.76666666666667,5.91666666666667,2.83333333333333,2.71666666666667,0,953.166666666667,80.8333333333333,371588,32.7217330045791
"122",2016-01-06 12:00:00,8.15,4.58333333333333,1.83333333333333,2.35,0,952.866666666667,67,445354,38.4888082274652
"123",2016-01-06 13:00:00,7.8,2.81666666666667,1.16666666666667,2.13333333333333,0,952.816666666667,67.3333333333333,437828,37.9400346620451
"124",2016-01-06 14:00:00,7.98333333333333,3.78333333333333,1.33333333333333,1.88333333333333,0,952.9,65.5,451505,39.9349902706527
"125",2016-01-06 15:00:00,7.68333333333333,3.2,1.33333333333333,2.05,0,953.166666666667,67.6666666666667,488304,42.1751597858007
"126",2016-01-06 16:00:00,7.51666666666667,3.73333333333333,1.16666666666667,1.75,0,953.483333333333,66.8333333333333,492512,37.128684508104
"127",2016-01-06 17:00:00,7.26666666666667,2.96666666666667,1.5,1.95,0,953.733333333333,69,754073,55.7375267942937
"128",2016-01-06 18:00:00,6.55,2.75,1.16666666666667,2.48333333333333,0,953.966666666667,75,558787,41.8786629693472
"129",2016-01-06 19:00:00,6.3,3.95,1.33333333333333,2.16666666666667,0,954.483333333333,75,424538,35.98999660902
"130",2016-01-06 20:00:00,5.03333333333333,6.75,2.33333333333333,2.73333333333333,0,955.166666666667,85,487314,46.0686330119115
"131",2016-01-06 21:00:00,4.23333333333333,3.88333333333333,1.83333333333333,2.93333333333333,0,955.3,91,399596,47.8672735984667
"132",2016-01-06 22:00:00,3.68333333333333,5.36666666666667,2.16666666666667,2.7,0,955.45,93.1666666666667,303853,38.9405356914007
"133",2016-01-06 23:00:00,3.26666666666667,3.78333333333333,2.33333333333333,2.58333333333333,0,955.533333333333,95.3333333333333,184193,30.1461538461538
"134",2016-01-07 00:00:00,3.56666666666667,3.13333333333333,1.83333333333333,2.85,0,955.766666666667,95,109495,23.865518744551
"135",2016-01-07 01:00:00,4.01666666666667,4.46666666666667,2.33333333333333,3.16666666666667,0,955.383333333333,94.1666666666667,1404,11.8983050847458
"136",2016-01-07 04:00:00,3.76666666666667,5.35,3,3.18333333333333,0,955.3,96,3930,31.6935483870968
"137",2016-01-07 05:00:00,3.65,4.96666666666667,2.5,3,0,954.466666666667,95.5,128162,24.7943509382859
"138",2016-01-07 06:00:00,2.95,3.53333333333333,2,2.36666666666667,0,954.066666666667,96,442035,35.8678188899708
"139",2016-01-07 07:00:00,2.85,2.88333333333333,1.83333333333333,2.3,1.1,953.333333333333,96,565573,40.7649560328672
"140",2016-01-07 08:00:00,2.8,2.46666666666667,1.83333333333333,2.25,0,952.983333333333,96,597333,44.8953776775648
"141",2016-01-07 09:00:00,3.01666666666667,2.95,1.66666666666667,2.3,0,951.766666666667,95,376469,32.4626196430111
"142",2016-01-07 10:00:00,4.1,1.85,1,2.4,0,951.75,88.5,343667,30.388805376249
"143",2016-01-07 11:00:00,4.08333333333333,3.06666666666667,2,2.1,0,950.65,86.8333333333333,388645,34.0767207365191
"144",2016-01-07 12:00:00,4.13333333333333,3.31666666666667,2,2.31666666666667,0,949.7,88,432161,37.1112924001717
"145",2016-01-07 13:00:00,3.73333333333333,3.18333333333333,1.66666666666667,2.26666666666667,0,949.35,90,504904,43.4962095106823
"146",2016-01-07 14:00:00,2.15,3.63333333333333,2,1.46666666666667,0,949.616666666667,95.3333333333333,434060,38.3106796116505
"147",2016-01-07 15:00:00,1.75,4.66666666666667,2.66666666666667,1.66666666666667,0,950.333333333333,99.3333333333333,470471,40.5788338795929
"148",2016-01-07 16:00:00,3.11666666666667,6.83333333333333,2.5,2.96666666666667,0,951.5,98.8333333333333,547067,41.1917024320458
"149",2016-01-07 17:00:00,4.66666666666667,7.66666666666667,3,4.05,0,952.633333333333,95.8333333333333,745014,54.4879689899803
"150",2016-01-07 18:00:00,6.18333333333333,7.3,2.5,4.83333333333333,0,953.266666666667,90.8333333333333,570623,42.682549180941
"151",2016-01-07 19:00:00,7.71666666666667,6.01666666666667,1.83333333333333,5.43333333333333,0,954.1,85.3333333333333,425653,35.9960253699789
"152",2016-01-07 20:00:00,7.61666666666667,9.3,2.33333333333333,5.75,0,955.35,87.8333333333333,508512,48.1864872548091
"153",2016-01-07 21:00:00,7.18333333333333,5.25,1.66666666666667,5.71666666666667,0.4,956.366666666667,90,314965,37.8427249789739
"154",2016-01-07 22:00:00,6.75,4.51666666666667,1.83333333333333,5.16666666666667,0,957.016666666667,89.8333333333333,276555,34.9936732886246
"155",2016-01-07 23:00:00,6.71666666666667,6.63333333333333,2.16666666666667,3.71666666666667,0,957.933333333333,81.1666666666667,212618,34.5383365821962
"156",2016-01-08 00:00:00,6.5,7.55,2.33333333333333,3.26666666666667,0,958.35,79.6666666666667,109784,23.5739746617994
"157",2016-01-08 01:00:00,6.75,6.75,2,2.88333333333333,0,958.566666666667,76.3333333333333,725,5.75396825396825
"158",2016-01-08 04:00:00,5.95,5.71666666666667,2,1.96666666666667,0,959.933333333333,75.6666666666667,2801,22.5887096774194
"159",2016-01-08 05:00:00,5.03333333333333,3.38333333333333,1.66666666666667,2.2,0,960.166666666667,82,116911,22.4311204911742
"160",2016-01-08 06:00:00,5.13333333333333,2.93333333333333,1.5,2.76666666666667,0,960.2,84.6666666666667,428192,34.629357056207
"161",2016-01-08 07:00:00,5,1,0.5,2.78333333333333,0,960.283333333333,85.5,546491,39.4265204530698
"162",2016-01-08 08:00:00,5.25,2.65,1.66666666666667,3.25,0,960.25,86.8333333333333,537067,40.4235285262682
"163",2016-01-08 09:00:00,5.45,3.08333333333333,2,3.43333333333333,0,960.216666666667,86.8333333333333,406064,35.0175922731977
"164",2016-01-08 10:00:00,5.65,4.46666666666667,2.66666666666667,3.66666666666667,0,960.316666666667,87.3333333333333,417740,36.9419879731164
"165",2016-01-08 11:00:00,5.78333333333333,3.45,2.33333333333333,3.73333333333333,0,959.8,86.3333333333333,408488,35.9394685905332
"166",2016-01-08 12:00:00,6.13333333333333,2.1,1.66666666666667,4.01666666666667,0,958.95,86.5,458382,39.4612603305785
"167",2016-01-08 13:00:00,6.31666666666667,1.66666666666667,1.16666666666667,4.11666666666667,0,958.116666666667,85.6666666666667,490891,42.420584168683
"168",2016-01-08 14:00:00,6.15,1.96666666666667,1.16666666666667,4.75,0,957.5,90.6666666666667,459912,40.5780836421387
"169",2016-01-08 15:00:00,5.8,3.73333333333333,2,4.81666666666667,0,957.483333333333,93.5,654495,57.141173389209
"170",2016-01-08 16:00:00,5.21666666666667,3.1,1.33333333333333,4.08333333333333,0,957.566666666667,92.3333333333333,644821,49.9628854796219
"171",2016-01-08 17:00:00,5.13333333333333,2.58333333333333,1.33333333333333,4.18333333333333,0,957.516666666667,93.6666666666667,903895,66.3555278226398
"172",2016-01-08 18:00:00,4.96666666666667,2.41666666666667,1.33333333333333,4.3,0,957.15,95.3333333333333,760199,56.9522774947558
"173",2016-01-08 19:00:00,5.2,1.8,1.16666666666667,4.65,0,956.866666666667,96.1666666666667,487588,41.2860287891617
"174",2016-01-08 20:00:00,4.86666666666667,3.25,1.83333333333333,4.43333333333333,0,956.95,97.3333333333333,530021,50.1818784321151
"175",2016-01-08 21:00:00,4.86666666666667,2.61666666666667,1.33333333333333,4.48333333333333,0,956.75,97.3333333333333,353808,42.1953488372093
"176",2016-01-08 22:00:00,4.9,2.48333333333333,1.33333333333333,4.6,0,957.083333333333,98,369539,45.5489954394182
"177",2016-01-08 23:00:00,5,3.2,2,4.85,0,956.983333333333,99.3333333333333,288965,36.2975756814471
"178",2016-01-09 00:00:00,5.13333333333333,4.56666666666667,2.16666666666667,5.06666666666667,0,956.733333333333,99.6666666666667,201485,35.6295313881521
"179",2016-01-09 01:00:00,5.36666666666667,4.21666666666667,2.16666666666667,5.26666666666667,0,956.516666666667,99.5,3282,23.112676056338
"180",2016-01-09 04:00:00,5.95,3.81666666666667,2.33333333333333,5.73333333333333,0,956.866666666667,98.6666666666667,10204,79.1007751937985
"181",2016-01-09 05:00:00,6.03333333333333,3.88333333333333,2.16666666666667,5.88333333333333,0,956.8,99,106091,25.5333333333333
"182",2016-01-09 06:00:00,6.2,6.03333333333333,3,6.18333333333333,0,956.966666666667,100,154978,25.3397645519948
"183",2016-01-09 07:00:00,6.36666666666667,6.78333333333333,3.5,6.36666666666667,0,956.85,100,227500,29.7230206428011
"184",2016-01-09 08:00:00,6.45,5.33333333333333,3,6.45,0,956.866666666667,100,289138,32.5129877431688
"185",2016-01-09 09:00:00,6.43333333333333,5.6,3,6.43333333333333,0,957.033333333333,100,336934,35.8249867091972
"186",2016-01-09 10:00:00,6.51666666666667,6.23333333333333,3,6.51666666666667,0,957.216666666667,100,380285,34.5274196477211
"187",2016-01-09 11:00:00,6.73333333333333,5.41666666666667,3,6.73333333333333,0,957.166666666667,100,357390,32.2205192931843
"188",2016-01-09 12:00:00,7.21666666666667,6.95,3.33333333333333,7.16666666666667,0,956.733333333333,99.8333333333333,381224,34.7483365235621
"189",2016-01-09 13:00:00,7.6,6.85,3.33333333333333,7.23333333333333,0,956.15,97.3333333333333,458974,42.2861617836742
"190",2016-01-09 14:00:00,8.1,3.98333333333333,2.16666666666667,7.1,0,955.983333333333,93.3333333333333,480176,43.7478134110787
"191",2016-01-09 15:00:00,7.61666666666667,3.88333333333333,2.33333333333333,6.96666666666667,0,956.016666666667,95.8333333333333,491430,44.4491678726483
"192",2016-01-09 16:00:00,8.01666666666667,2.25,1.16666666666667,7,0,955.9,93.3333333333333,531395,47.9988257609972
"193",2016-01-09 17:00:00,7.5,3.8,2.16666666666667,6.73333333333333,0,955.75,95,522074,47.0209853192831
"194",2016-01-09 18:00:00,7.15,1.93333333333333,1.33333333333333,6.58333333333333,0,955.55,96.3333333333333,531133,47.7337107935652
"195",2016-01-09 19:00:00,6.46666666666667,2.53333333333333,1.83333333333333,6.08333333333333,0,955.633333333333,97.5,434965,39.9343554902681
"196",2016-01-09 20:00:00,6.08333333333333,2.51666666666667,1.66666666666667,5.73333333333333,0,955.333333333333,97.6666666666667,398231,39.3508893280632
"197",2016-01-09 21:00:00,5.4,2.08333333333333,1.66666666666667,5.2,0,954.8,98.5,286538,34.6688445251059
"198",2016-01-09 22:00:00,4.86666666666667,2.01666666666667,1.16666666666667,4.73333333333333,0,954.866666666667,99,297388,36.8647576546424
"199",2016-01-09 23:00:00,4.21666666666667,1.35,0.833333333333333,4.1,0,954.733333333333,99.1666666666667,284541,35.9495893872394
"200",2016-01-10 00:00:00,4.2,2.61666666666667,1.5,4.18333333333333,0,954.383333333333,99.8333333333333,201031,35.4427009873061
"201",2016-01-10 01:00:00,4.58333333333333,1.9,1.16666666666667,4.56666666666667,0,954.3,100,2978,22.5606060606061
"202",2016-01-10 04:00:00,4.15,5.65,3,4.15,0,953.333333333333,100,4388,39.5315315315315
"203",2016-01-10 05:00:00,4,5.83333333333333,2.33333333333333,4,0,952.75,100,86465,23.1128040630847
"204",2016-01-10 06:00:00,4.53333333333333,3.88333333333333,2,4.53333333333333,0,952.9,100,108483,21.0075522850503
"205",2016-01-10 07:00:00,4.76666666666667,3.4,1.33333333333333,4.76666666666667,0,953.133333333333,100,135000,24.2022230190032
"206",2016-01-10 08:00:00,6.23333333333333,8.03333333333333,2.66666666666667,5.61666666666667,0,953.6,95.8333333333333,160594,27.0223792697291
"207",2016-01-10 09:00:00,6.45,6.2,2.33333333333333,4.96666666666667,0,954.166666666667,90.3333333333333,252546,38.7281091857077
"208",2016-01-10 10:00:00,6.31666666666667,5.51666666666667,2.33333333333333,4.93333333333333,0,954.666666666667,91,252167,31.4893856143856
"209",2016-01-10 11:00:00,5.96666666666667,6.65,2.66666666666667,4.48333333333333,0,954.466666666667,90,227109,27.8729749631812
"210",2016-01-10 12:00:00,5.98333333333333,4.36666666666667,2,5.06666666666667,0,953.633333333333,93.6666666666667,262306,31.6107495782116
"211",2016-01-10 13:00:00,6.26666666666667,2.66666666666667,1.33333333333333,5.28333333333333,0,953.016666666667,93.3333333333333,298505,35.9255024672042
"212",2016-01-10 14:00:00,6.58333333333333,2.61666666666667,1.83333333333333,5.46666666666667,0,952.266666666667,92.3333333333333,321665,38.7594890950717
"213",2016-01-10 15:00:00,6.35,2.43333333333333,1.66666666666667,5.63333333333333,0,951.233333333333,95.1666666666667,329197,39.729302437847
"214",2016-01-10 16:00:00,6.3,2.13333333333333,0.833333333333333,5.76666666666667,0,951.183333333333,96.1666666666667,339980,40.9367850692354
"215",2016-01-10 17:00:00,5.9,4.53333333333333,2.5,5.55,0,951.6,97.5,389851,46.9417218543046
"216",2016-01-10 18:00:00,6.46666666666667,7.53333333333333,3.5,5.21666666666667,0,951.333333333333,91.8333333333333,296814,35.8817698259188
"217",2016-01-10 19:00:00,6.7,4.25,1.83333333333333,5.41666666666667,0,951.6,91.5,262047,31.8520724443904
"218",2016-01-10 20:00:00,6.5,7.96666666666667,2.66666666666667,5.15,0,952.383333333333,90.8333333333333,289028,34.9109795869066
"219",2016-01-10 21:00:00,6.3,7.08333333333333,2.83333333333333,5,0,952.566666666667,91.1666666666667,232238,28.8243763187291
"220",2016-01-10 22:00:00,6.33333333333333,7.35,3,4.8,0,952.533333333333,90,185420,23.6203821656051
"221",2016-01-10 23:00:00,6.3,5.8,2.5,4.8,0,952.5,90,139930,22.9506314580941
"222",2016-01-11 00:00:00,6.15,4.08333333333333,1.83333333333333,4.85,0,952.166666666667,91.6666666666667,85904,18.5297670405522
"223",2016-01-11 01:00:00,5.9,1.78333333333333,1.16666666666667,4.83333333333333,0,951.166666666667,92.8333333333333,2404,20.3728813559322
"224",2016-01-11 04:00:00,5.51666666666667,1.08333333333333,0.666666666666667,5.21666666666667,0,948.2,98,2655,20.9055118110236
"225",2016-01-11 05:00:00,5.4,1.76666666666667,1,5.15,0,946.766666666667,98.1666666666667,118788,22.6781214203895
"226",2016-01-11 06:00:00,5.23333333333333,1.38333333333333,0.833333333333333,5.05,0,945.583333333333,99,432726,34.9705834814935
"227",2016-01-11 07:00:00,5.16666666666667,2.81666666666667,1.33333333333333,4.96666666666667,0,945.983333333333,99,650701,46.7995540851553
"228",2016-01-11 08:00:00,5.26666666666667,2.48333333333333,1,5,0,945.8,98.1666666666667,828535,62.0068103577309
"229",2016-01-11 09:00:00,5.2,4.25,1.83333333333333,4.9,0,946.1,98,393887,33.8216555040357
"230",2016-01-11 10:00:00,5.58333333333333,3.9,2.16666666666667,5.18333333333333,0,946.616666666667,97.1666666666667,315953,27.8593598448109
"231",2016-01-11 11:00:00,6.38333333333333,3.46666666666667,1.5,5.68333333333333,0,947.1,95,368379,32.2658316545502
"232",2016-01-11 12:00:00,6.38333333333333,8.28333333333333,2.5,5,0,947.166666666667,90.6666666666667,404774,34.7028463648834
"233",2016-01-11 13:00:00,6.61666666666667,9.18333333333333,2.66666666666667,4.43333333333333,0,946.783333333333,85.6666666666667,410276,35.3564288176491
"234",2016-01-11 14:00:00,7.5,12.25,2.83333333333333,4.06666666666667,3.8,946.566666666667,79,387800,34.1193031849375
"235",2016-01-11 15:00:00,8.2,8.53333333333333,2.16666666666667,3.98333333333333,0.1,946.8,74.6666666666667,462012,39.6917525773196
"236",2016-01-11 16:00:00,9.2,10.25,3.16666666666667,2.46666666666667,0,947.316666666667,62.6666666666667,501248,37.7076656887083
"237",2016-01-11 17:00:00,8.98333333333333,10.4166666666667,3.16666666666667,1.58333333333333,0,947.616666666667,59.6666666666667,796050,58.1355437084642
"238",2016-01-11 18:00:00,8.51666666666667,12.3,3.33333333333333,1.68333333333333,0,947.9,62,623881,46.645308411215
"239",2016-01-11 19:00:00,6.51666666666667,9.55,2.66666666666667,3.28333333333333,1,948.533333333333,80,458533,38.7209086302989
"240",2016-01-11 20:00:00,5.56666666666667,9.75,2,3.48333333333333,1.2,949.566666666667,86.3333333333333,466596,43.9770028275212
"241",2016-01-11 21:00:00,5.81666666666667,7.85,2.66666666666667,3.15,0,950.3,82.6666666666667,311652,37.2700310930399
"242",2016-01-11 22:00:00,5.95,7.13333333333333,2.5,2.88333333333333,0,950.733333333333,80.5,279594,35.2577553593947
"243",2016-01-11 23:00:00,6.21666666666667,9.45,2.83333333333333,2.35,0,950.616666666667,76.5,175280,28.5286458333333
"244",2016-01-12 00:00:00,6.65,11.2333333333333,3,1.48333333333333,0,950.533333333333,69.5,104395,22.4264232008593
"245",2016-01-12 01:00:00,6.95,12.4833333333333,3.33333333333333,1.23333333333333,0,950.683333333333,67,1884,14.952380952381
"246",2016-01-12 04:00:00,4.68333333333333,8.13333333333333,3,2.75,0.3,951.983333333333,87.1666666666667,2586,21.3719008264463
"247",2016-01-12 05:00:00,5.73333333333333,10.6,3.5,2.23333333333333,0,951.7,77.8333333333333,146396,28.088257866462
"248",2016-01-12 06:00:00,6.33333333333333,12.75,4,1.61666666666667,0,951.916666666667,71.6666666666667,471309,38.4867711905928
"249",2016-01-12 07:00:00,5.5,11.1833333333333,2.66666666666667,2.31666666666667,1.5,952.466666666667,80.1666666666667,832026,60.3573449401523
"250",2016-01-12 08:00:00,5.4,9.96666666666667,2.16666666666667,2.7,0,953.533333333333,82.8333333333333,931642,71.5327088452088
"251",2016-01-12 09:00:00,5.8,8.55,2.5,2.61666666666667,0,955.1,80,531000,46.1698982697157
"252",2016-01-12 10:00:00,5.43333333333333,8.63333333333333,2,2.65,0.6,956.333333333333,82,411503,36.5325816761364
"253",2016-01-12 11:00:00,5.13333333333333,7.1,2,2.95,0,957.333333333333,85.8333333333333,379100,33.3802940917496
"254",2016-01-12 12:00:00,6.25,10.5666666666667,2.33333333333333,3.31666666666667,0,957.516666666667,81.3333333333333,416620,35.8753121501765
"255",2016-01-12 13:00:00,6.35,9.55,2,3.21666666666667,0,957.366666666667,80.5,447886,38.7143227590976
"256",2016-01-12 14:00:00,6.71666666666667,8.3,2,2.96666666666667,0,957.466666666667,76.6666666666667,434390,38.4858686985027
"257",2016-01-12 15:00:00,6.5,10.5333333333333,2.5,2.16666666666667,0,957.716666666667,73.6666666666667,486791,42.142758202753
"258",2016-01-12 16:00:00,6.51666666666667,9.3,2.33333333333333,1.48333333333333,0,957.933333333333,70,644251,48.5384615384615
"259",2016-01-12 17:00:00,5.91666666666667,12.1333333333333,3.33333333333333,1.26666666666667,0.2,958.75,72.3333333333333,1181440,86.7430249632893
"260",2016-01-12 18:00:00,4.56666666666667,9.71666666666667,3,1.28333333333333,0,959.583333333333,79.3333333333333,887352,67.1219364599092
"261",2016-01-12 19:00:00,4.48333333333333,6.86666666666667,2.16666666666667,1.33333333333333,0,959.733333333333,79.6666666666667,502038,42.7557485947879
"262",2016-01-12 20:00:00,4.11666666666667,9.35,2.66666666666667,1.61666666666667,0.6,960.216666666667,83.6666666666667,499787,47.4361237661352
"263",2016-01-12 21:00:00,4.03333333333333,7.23333333333333,2.16666666666667,1.53333333333333,0,960.133333333333,83.6666666666667,335862,40.2326305701965
"264",2016-01-12 22:00:00,4.6,10.1833333333333,2.5,1.38333333333333,0,961.05,79.3333333333333,302144,38.2654508611955
"265",2016-01-12 23:00:00,3.98333333333333,7.2,1.5,1.63333333333333,0.8,961.85,84.5,189343,30.6976329442283
"266",2016-01-13 00:00:00,2.73333333333333,8.53333333333333,2.5,1.41666666666667,1.8,962.7,91.3333333333333,114532,24.4831124412142
"267",2016-01-13 01:00:00,3.08333333333333,10.6166666666667,2.33333333333333,0.983333333333333,0.1,963.233333333333,86.1666666666667,2848,23.1544715447154
"268",2016-01-13 04:00:00,3.25,10.2,2.33333333333333,-0.366666666666667,0,965.033333333333,77.3333333333333,878,7.31666666666667
"269",2016-01-13 05:00:00,2.2,10.5666666666667,2.66666666666667,0.45,0.5,965.833333333333,88,127685,24.3673664122137
"270",2016-01-13 06:00:00,2.5,11.0833333333333,2.83333333333333,0.533333333333333,0.1,966.433333333333,86.5,472957,38.3551212391534
"271",2016-01-13 07:00:00,2.71666666666667,8.2,2.16666666666667,0.6,0.6,967.233333333333,86.1666666666667,774889,56.033624990961
"272",2016-01-13 08:00:00,2.88333333333333,9.86666666666667,2.66666666666667,0.283333333333333,0.4,967.9,82.8333333333333,953358,72.0439809566992
"273",2016-01-13 09:00:00,2.31666666666667,9.15,2.16666666666667,0.35,1.6,969,87,479542,41.5475654132733
"274",2016-01-13 10:00:00,2.16666666666667,8.71666666666667,2.5,0.716666666666667,1.3,969.866666666667,89.8333333333333,359159,31.8008677173721
"275",2016-01-13 11:00:00,2.11666666666667,8.58333333333333,2.16666666666667,0.883333333333333,1.9,971.033333333333,91.5,430686,37.9459030837004
"276",2016-01-13 12:00:00,2.16666666666667,8.35,2.5,0.75,1,971.766666666667,90.3333333333333,537353,46.263710718898
"277",2016-01-13 13:00:00,3.38333333333333,8.53333333333333,2.16666666666667,-0.133333333333333,0,971.666666666667,77.6666666666667,490075,43.327292016621
"278",2016-01-13 14:00:00,4.1,11.35,3,-1.4,0,971.95,67.1666666666667,505403,45.2059928443649
"279",2016-01-13 15:00:00,4.26666666666667,10.8166666666667,3.16666666666667,-2.78333333333333,0,972.566666666667,60,537541,46.4518665744901
"280",2016-01-13 16:00:00,4.38333333333333,9.95,3,-3.08333333333333,0,972.8,58.1666666666667,534922,40.2833044656977
"281",2016-01-13 17:00:00,4.4,7.7,2.5,-3.45,0,972.966666666667,56.5,728304,53.3243520281154
"282",2016-01-13 18:00:00,4.18333333333333,4.8,1.66666666666667,-3.51666666666667,0,973,57.3333333333333,838065,64.0379766180179
"283",2016-01-13 19:00:00,4.11666666666667,5.51666666666667,1.83333333333333,-3.31666666666667,0,972.583333333333,58.3333333333333,828214,72.61213396458
"284",2016-01-13 20:00:00,3.8,8.56666666666667,2.16666666666667,-2.61666666666667,0,972.166666666667,62.8333333333333,531325,50.5446156773212
"285",2016-01-13 21:00:00,3.48333333333333,8.96666666666667,2.5,-2.3,0,972.316666666667,65.6666666666667,335541,40.4851592664093
"286",2016-01-13 22:00:00,3.03333333333333,5,2,-2.26666666666667,0,972.15,68,268061,34.1001144892507
"287",2016-01-13 23:00:00,1.88333333333333,3.03333333333333,1.83333333333333,-2.38333333333333,0,971.816666666667,73.5,186019,30.3605353354007
"288",2016-01-14 00:00:00,1.08333333333333,3.46666666666667,2,-2.4,0,971.216666666667,77.5,103152,22.3417803768681
"289",2016-01-14 01:00:00,0.316666666666667,3.13333333333333,2,-2.36666666666667,0,970.633333333333,82.1666666666667,3674,30.1147540983607
"290",2016-01-14 04:00:00,-0.366666666666667,3.96666666666667,2,-3.4,0,968.55,79.6666666666667,1607,12.6535433070866
"291",2016-01-14 05:00:00,-0.466666666666667,3.85,2,-3.78333333333333,0,967.633333333333,78,112893,21.9508069220299
"292",2016-01-14 06:00:00,-0.566666666666667,3.68333333333333,2,-3.9,0,966.716666666667,78.1666666666667,452095,37.1361097420733
"293",2016-01-14 07:00:00,-0.6,3.16666666666667,2,-3.83333333333333,0,965.733333333333,78.6666666666667,604139,44.0816490331996
"294",2016-01-14 08:00:00,-0.5,2.65,1.83333333333333,-3.83333333333333,0,964.95,78.3333333333333,737084,56.1245716896368
"295",2016-01-14 09:00:00,-0.116666666666667,1.53333333333333,1.16666666666667,-3.51666666666667,0,964.483333333333,77.6666666666667,412868,36.0993267465244
"296",2016-01-14 10:00:00,0.6,2.05,1,-3.21666666666667,0,964.25,75.3333333333333,357959,32.1154674322627
"297",2016-01-14 11:00:00,1.55,1.85,1.16666666666667,-3.45,0,963.583333333333,69.1666666666667,357366,31.8820590596842
"298",2016-01-14 12:00:00,2.03333333333333,2.06666666666667,1.16666666666667,-3.96666666666667,0,962.966666666667,64.3333333333333,421691,36.7967713787085
"299",2016-01-14 13:00:00,1.73333333333333,2.91666666666667,1.66666666666667,-3.36666666666667,0,962.25,68.6666666666667,496048,43.4253698678106
"300",2016-01-14 14:00:00,1.05,2.81666666666667,1.33333333333333,-1.93333333333333,0.2,961.733333333333,80.5,474508,42.4729681346223
"301",2016-01-14 15:00:00,0.5,2.71666666666667,1.66666666666667,-1.43333333333333,0.4,961.55,86.8333333333333,524970,45.8529129181588
"302",2016-01-14 16:00:00,0.2,5.2,2,-0.916666666666667,0.1,961.616666666667,92,592307,44.9261984223301
"303",2016-01-14 17:00:00,1.16666666666667,8.46666666666667,3,-0.983333333333333,0,961.85,85.6666666666667,893527,66.3986772683362
"304",2016-01-14 18:00:00,1.58333333333333,6.61666666666667,2.5,-0.783333333333333,0,961.9,84.3333333333333,908644,69.330383030673
"305",2016-01-14 19:00:00,1.46666666666667,7.6,2.5,-0.35,0,962.083333333333,87.5,462968,39.7022553811851
"306",2016-01-14 20:00:00,1.58333333333333,6.6,2.16666666666667,0.283333333333333,1.8,962.45,91,494495,47.3608849727038
"307",2016-01-14 21:00:00,1.6,7.06666666666667,2.16666666666667,0.816666666666667,1,963.016666666667,94.5,358011,43.071583253128
"308",2016-01-14 22:00:00,2.05,8.03333333333333,2.33333333333333,0.483333333333333,0,963.45,89.3333333333333,283562,36.0353285042572
"309",2016-01-14 23:00:00,2.63333333333333,6.4,2.16666666666667,-0.283333333333333,0,963.8,81,222787,36.4269130150425
"310",2016-01-15 00:00:00,3.01666666666667,6.28333333333333,2,-0.65,0,963.9,76.5,126312,27.2576607682348
"311",2016-01-15 01:00:00,2.75,6.23333333333333,2.33333333333333,-0.783333333333333,1.4,964,77.6666666666667,6228,49.0393700787402
"312",2016-01-15 04:00:00,1.35,11.75,3.16666666666667,-0.516666666666667,1.2,964.116666666667,87.5,6982,52.8939393939394
"313",2016-01-15 05:00:00,0.5,10.35,2.83333333333333,0.0833333333333333,0.1,964.333333333333,97.3333333333333,266597,52.8228650683574
"314",2016-01-15 06:00:00,1.33333333333333,11.8,2.33333333333333,-1.83333333333333,0,964.666666666667,79.3333333333333,892193,75.2334092250611
"315",2016-01-15 07:00:00,1.31666666666667,9.33333333333333,2.5,-3.8,0,965.05,68.5,1382928,104.198915009042
"316",2016-01-15 08:00:00,1.5,8.58333333333333,2.16666666666667,-4.35,0,965.683333333333,65,1449964,113.464590343532
"317",2016-01-15 09:00:00,1.58333333333333,10.2666666666667,2.66666666666667,-5.11666666666667,0,966.033333333333,61,761287,67.2752739483917
"318",2016-01-15 10:00:00,1.96666666666667,11.6833333333333,3,-5.3,0,966.1,58.6666666666667,486163,43.516201217329
"319",2016-01-15 11:00:00,2.25,11.2666666666667,2.33333333333333,-5.23333333333333,0,966.65,57.6666666666667,441232,39.0920528041109
"320",2016-01-15 12:00:00,3.45,9.25,2,-5.46666666666667,0,966.483333333333,52,626800,54.6707370257305
"321",2016-01-15 13:00:00,3.25,9.25,1.5,-6.33333333333333,0,966.366666666667,49.1666666666667,865602,77.0657051282051
"322",2016-01-15 14:00:00,3.11666666666667,8.4,1.66666666666667,-6.35,0,966.216666666667,49.5,876441,80.8301208152725
"323",2016-01-15 15:00:00,2.66666666666667,9.16666666666667,2.33333333333333,-6.08333333333333,0,966.566666666667,52.3333333333333,674795,59.437593587598
"324",2016-01-15 16:00:00,2.35,9.48333333333333,2.66666666666667,-6.03333333333333,0,966.783333333333,53.6666666666667,730317,55.3144739831856
"325",2016-01-15 17:00:00,2.05,11,3,-5.45,0,966.833333333333,57.3333333333333,833844,62.6997518610422
"326",2016-01-15 18:00:00,1.21666666666667,9.93333333333333,2.83333333333333,-3.8,0,967.283333333333,69,699610,52.3464272353161
"327",2016-01-15 19:00:00,1.11666666666667,7.06666666666667,2.33333333333333,-3.1,0,967.416666666667,73.5,490288,41.5674438321323
"328",2016-01-15 20:00:00,1.28333333333333,6.81666666666667,1.5,-2.98333333333333,0,967.383333333333,73.1666666666667,507541,48.3096325909004
"329",2016-01-15 21:00:00,0.616666666666667,8.3,2.33333333333333,-2.51666666666667,0,967.65,79.6666666666667,411928,49.4036939313984
"330",2016-01-15 22:00:00,-0.0833333333333333,6.76666666666667,1.83333333333333,-1.86666666666667,0,967.983333333333,88,384509,47.5583178726036
"331",2016-01-15 23:00:00,-0.166666666666667,11.5,2.83333333333333,-2.38333333333333,0.1,968.116666666667,85,341698,43.1545844910331
"332",2016-01-16 00:00:00,0.0166666666666667,10.3333333333333,3.16666666666667,-2.96666666666667,0,968.7,80.3333333333333,222932,39.3455700670667
"333",2016-01-16 01:00:00,0.0666666666666667,9.06666666666667,3,-2.91666666666667,0,969.15,80.1666666666667,5502,39.8695652173913
"334",2016-01-16 04:00:00,0.25,4.76666666666667,1.5,-1.98333333333333,0,970.166666666667,84.8333333333333,4510,35.511811023622
"335",2016-01-16 05:00:00,0.316666666666667,3.33333333333333,1.5,-1.83333333333333,0,970.716666666667,85.5,88790,21.2772585669782
"336",2016-01-16 06:00:00,0.3,3.08333333333333,1.66666666666667,-1.16666666666667,0,971.216666666667,89.8333333333333,148351,24.1732116669382
"337",2016-01-16 07:00:00,0.25,2.53333333333333,1.5,-0.866666666666667,0.2,971.883333333333,91.8333333333333,235426,31.256771109931
"338",2016-01-16 08:00:00,0.133333333333333,2.21666666666667,1,-0.933333333333333,0,972.633333333333,92.8333333333333,293515,34.4582061516788
"339",2016-01-16 09:00:00,0.883333333333333,2.46666666666667,1.33333333333333,-0.816666666666667,0,973.35,88.3333333333333,288531,30.6296178343949
"340",2016-01-16 10:00:00,1.56666666666667,2.23333333333333,1,-1.08333333333333,0,973.866666666667,82.5,314996,28.5658837399111
"341",2016-01-16 11:00:00,2.66666666666667,3.91666666666667,1.66666666666667,-0.916666666666667,0,974.05,77,258821,23.3909624943516
"342",2016-01-16 12:00:00,1.58333333333333,4.48333333333333,1.83333333333333,-0.783333333333333,0.2,974.183333333333,84.3333333333333,293546,26.519649471497
"343",2016-01-16 13:00:00,2.68333333333333,6.95,2.66666666666667,-0.616666666666667,0,974.266666666667,79,312339,28.2123566073525
"344",2016-01-16 14:00:00,2.2,5.93333333333333,2.16666666666667,-1.76666666666667,0,974.383333333333,74.6666666666667,356614,32.2902933719667
"345",2016-01-16 15:00:00,1.45,3.96666666666667,1.66666666666667,-1.5,0,974.433333333333,80.5,382842,35.3926227234908
"346",2016-01-16 16:00:00,0.966666666666667,4.75,1.66666666666667,-1.45,0,974.416666666667,83.6666666666667,422024,38.1094455481308
"347",2016-01-16 17:00:00,0.95,6.7,2.16666666666667,-1.78333333333333,0,974.616666666667,82,577772,52.3012582601611
"348",2016-01-16 18:00:00,0.616666666666667,6.28333333333333,2,-1.9,0,974.733333333333,83.3333333333333,581465,52.759731421831
"349",2016-01-16 19:00:00,0.4,5.53333333333333,2,-1.68333333333333,0,974.983333333333,86.1666666666667,487372,44.9646646369591
"350",2016-01-16 20:00:00,0.5,6.26666666666667,2,-1.85,0,974.983333333333,84.3333333333333,445112,45.8122684232194
"351",2016-01-16 21:00:00,0.483333333333333,5.28333333333333,2,-2.2,0,974.866666666667,81.8333333333333,308604,38.4505357587839
"352",2016-01-16 22:00:00,0.583333333333333,5.11666666666667,1.83333333333333,-2.8,0,974.733333333333,77.8333333333333,315704,39.8163702862908
"353",2016-01-16 23:00:00,0.35,6.48333333333333,2.16666666666667,-2.9,0,974.883333333333,79,311248,39.5436412145852
"354",2016-01-17 00:00:00,-0.05,4.91666666666667,1.83333333333333,-3.23333333333333,0,975.35,79,206712,36.4571428571429
"355",2016-01-17 01:00:00,-0.35,3.88333333333333,1.5,-3.78333333333333,0,975.45,77.6666666666667,7284,55.6030534351145
"356",2016-01-17 04:00:00,-0.466666666666667,6.08333333333333,2,-4.7,0,974.6,73,2699,24.5363636363636
"357",2016-01-17 05:00:00,-0.816666666666667,6.38333333333333,2,-4.21666666666667,0,974.1,77.5,84940,22.6809078771696
"358",2016-01-17 06:00:00,-0.916666666666667,6.48333333333333,1.83333333333333,-3.55,0,973.683333333333,82,95981,18.8419709462112
"359",2016-01-17 07:00:00,-0.866666666666667,9.28333333333333,2.5,-3.41666666666667,0,973.533333333333,83,118193,21.4740188953488
"360",2016-01-17 08:00:00,-0.633333333333333,10.0666666666667,3,-3.45,0,973.3,81.1666666666667,140856,23.8012842176411
"361",2016-01-17 09:00:00,-0.7,9.3,2.66666666666667,-3.05,0,973.333333333333,84,215322,33.3161070710197
"362",2016-01-17 10:00:00,-0.4,8.76666666666667,2.66666666666667,-2.9,0,973.566666666667,83,192027,24.1239949748744
"363",2016-01-17 11:00:00,0.8,7.81666666666667,2.66666666666667,-2.33333333333333,0.1,973.766666666667,79.5,214724,26.323893588329
"364",2016-01-17 12:00:00,-0.3,6.3,2.16666666666667,-1.15,0.1,973.533333333333,94,438228,55.3877654196158
"365",2016-01-17 13:00:00,-0.333333333333333,6.61666666666667,2.33333333333333,-2,0.5,973.5,88.6666666666667,584997,75.1634331234742
"366",2016-01-17 14:00:00,0.65,5.98333333333333,2,-2.55,0.5,973.9,79.5,451958,58.8180635085893
"367",2016-01-17 15:00:00,-0.216666666666667,4.23333333333333,1.83333333333333,-1.3,0,974.183333333333,92.3333333333333,482065,61.1059703384459
"368",2016-01-17 16:00:00,-0.05,4.36666666666667,2,-2.13333333333333,0,974.716666666667,85.6666666666667,459637,56.3349675205295
"369",2016-01-17 17:00:00,-1.46666666666667,2.93333333333333,1.5,-3.98333333333333,0,975.383333333333,83,555310,68.2199017199017
"370",2016-01-17 18:00:00,-2.43333333333333,2.76666666666667,1.83333333333333,-4.51666666666667,0,975.916666666667,85.6666666666667,555444,68.0107750704053
"371",2016-01-17 19:00:00,-2.9,2.48333333333333,1.33333333333333,-4.93333333333333,0,976.266666666667,86,330625,40.5426118945432
"372",2016-01-17 20:00:00,-3.55,1.73333333333333,1,-5,0,976.4,89.6666666666667,338111,41.1677827833922
"373",2016-01-17 21:00:00,-3.75,2.11666666666667,1.33333333333333,-5.05,0,976.1,90.6666666666667,279090,34.9211711711712
"374",2016-01-17 22:00:00,-4.01666666666667,2.38333333333333,1.5,-5.26666666666667,0,975.716666666667,90.8333333333333,224596,28.8943779750418
"375",2016-01-17 23:00:00,-4.61666666666667,2.45,1.66666666666667,-5.63333333333333,0,975.233333333333,92.3333333333333,203903,33.8203682202687
"376",2016-01-18 00:00:00,-4.88333333333333,3.1,2,-5.8,0,974.816666666667,93.1666666666667,109942,24.1153761789866
"377",2016-01-18 01:00:00,-5.18333333333333,3.18333333333333,2,-6.13333333333333,0,974.4,93.3333333333333,1340,11.2605042016807
"378",2016-01-18 04:00:00,-6.43333333333333,2.28333333333333,1.66666666666667,-7.15,0,972.7,94.5,2791,21.8046875
"379",2016-01-18 05:00:00,-6.03333333333333,4.21666666666667,2,-6.91666666666667,0,971.933333333333,93.5,232545,45.8126477541371
"380",2016-01-18 06:00:00,-5.96666666666667,4.4,2.33333333333333,-7.28333333333333,0,971.466666666667,90.5,723381,61.8168689112972
"381",2016-01-18 07:00:00,-5.73333333333333,4.88333333333333,2.33333333333333,-7.03333333333333,0,971.283333333333,90.5,1007366,73.621720382957
"382",2016-01-18 08:00:00,-5.45,4.18333333333333,1.83333333333333,-7.15,0,971.033333333333,88,1229406,93.2923053574139
"383",2016-01-18 09:00:00,-4.01666666666667,3.63333333333333,1.66666666666667,-7.03333333333333,0,970.733333333333,79.5,598704,52.1655484882809
"384",2016-01-18 10:00:00,-2.73333333333333,4.41666666666667,2,-7.9,0,970.083333333333,67.6666666666667,422835,37.4554876428382
"385",2016-01-18 11:00:00,-2.36666666666667,2.91666666666667,1.66666666666667,-7.65,0,969.483333333333,67.1666666666667,409034,36.019196900317
"386",2016-01-18 12:00:00,-1.6,3.63333333333333,1.83333333333333,-6.98333333333333,0,968.75,66.6666666666667,429167,36.9271209774565
"387",2016-01-18 13:00:00,-1.78333333333333,3.65,1.66666666666667,-7.26666666666667,0,968.25,66.3333333333333,496282,42.8679277878552
"388",2016-01-18 14:00:00,-2.81666666666667,3.13333333333333,1.5,-7.66666666666667,0,967.783333333333,69.1666666666667,433119,38.2546369899311
"389",2016-01-18 15:00:00,-2.48333333333333,2.1,1,-7.66666666666667,0,967.583333333333,67.5,558987,48.1470284237726
"390",2016-01-18 16:00:00,-2.56666666666667,2.18333333333333,1,-7.55,0,967.516666666667,68.6666666666667,599199,44.9815329179491
"391",2016-01-18 17:00:00,-3.76666666666667,2.01666666666667,1.16666666666667,-7.8,0,967.366666666667,73.5,905304,66.0372018382085
"392",2016-01-18 18:00:00,-4.03333333333333,3.08333333333333,1.5,-7.8,0,967.25,75,844089,63.0246397371761
"393",2016-01-18 19:00:00,-3.86666666666667,3.3,2,-8.15,0,966.983333333333,72.1666666666667,500195,42.3427579784983
"394",2016-01-18 20:00:00,-4.7,2.88333333333333,1.66666666666667,-7.66666666666667,0,966.933333333333,79.6666666666667,464972,44.2493338408831
"395",2016-01-18 21:00:00,-4.98333333333333,3.1,2,-7.81666666666667,0,966.783333333333,80.6666666666667,349050,41.8224299065421
"396",2016-01-18 22:00:00,-5.2,2.93333333333333,2,-7.85,0,966.783333333333,81.5,282248,35.7095141700405
"397",2016-01-18 23:00:00,-5.28333333333333,2.83333333333333,2,-7.78333333333333,0,966.8,82.5,163971,26.6186688311688
"398",2016-01-19 00:00:00,-4.98333333333333,2.91666666666667,2,-7.53333333333333,0,966.566666666667,82.1666666666667,97375,20.9453645945365
"399",2016-01-19 01:00:00,-4.8,2.68333333333333,1.83333333333333,-7.5,0,966.266666666667,81.3333333333333,2319,18.4047619047619
"400",2016-01-19 04:00:00,-4.21666666666667,2.28333333333333,1.33333333333333,-7.15,0,965.783333333333,80,2973,23.2265625
"401",2016-01-19 05:00:00,-3.98333333333333,1.81666666666667,1,-6.96666666666667,0,965.866666666667,79.8333333333333,172151,32.9917592947489
"402",2016-01-19 06:00:00,-3.68333333333333,1.61666666666667,1,-6.75,0,965.883333333333,79,589626,47.8088056433958
"403",2016-01-19 07:00:00,-3.01666666666667,1.51666666666667,0.833333333333333,-5.96666666666667,0,966.166666666667,79.8333333333333,866893,62.8365468251667
"404",2016-01-19 08:00:00,-2.58333333333333,2.7,1.66666666666667,-5.43333333333333,0,966.466666666667,80.6666666666667,1052074,79.497808674626
"405",2016-01-19 09:00:00,-1.85,2.95,1.83333333333333,-4.68333333333333,0,966.566666666667,80.8333333333333,570958,49.4550021654396
"406",2016-01-19 10:00:00,-1.31666666666667,2.9,2,-3.96666666666667,0,966.8,82.5,418354,37.042146272357
"407",2016-01-19 11:00:00,-0.9,3.83333333333333,2,-3.13333333333333,0,966.9,84.6666666666667,466210,41.0071246371713
"408",2016-01-19 12:00:00,-0.716666666666667,4.6,2.66666666666667,-2.48333333333333,0,966.733333333333,87.6666666666667,487630,42.0334453926386
"409",2016-01-19 13:00:00,-0.2,4.68333333333333,2.5,-2.21666666666667,0,966.433333333333,86.3333333333333,509662,44.2453337963365
"410",2016-01-19 14:00:00,0.283333333333333,5.15,2.83333333333333,-2.41666666666667,0,966.116666666667,82.1666666666667,474484,42.1127185586225
"411",2016-01-19 15:00:00,0.383333333333333,5.76666666666667,2.66666666666667,-2.48333333333333,0,966.166666666667,81,489391,42.3165585819282
"412",2016-01-19 16:00:00,0.2,6.58333333333333,3.16666666666667,-1.66666666666667,0,966.316666666667,87.3333333333333,529857,39.9771389769126
"413",2016-01-19 17:00:00,0,4.66666666666667,2.5,-0.966666666666667,0,966.483333333333,93,866050,63.8491595399587
"414",2016-01-19 18:00:00,0.05,2.41666666666667,1.5,-0.883333333333333,0,966.716666666667,93,672462,50.6486405061384
"415",2016-01-19 19:00:00,0.4,2.3,1.33333333333333,-0.65,0,966.766666666667,93,443887,37.7487031210137
"416",2016-01-19 20:00:00,0.633333333333333,3.61666666666667,2,-0.283333333333333,0,966.8,93.6666666666667,472979,44.8491371135976
"417",2016-01-19 21:00:00,0.683333333333333,2.93333333333333,2,-0.0666666666666667,0,966.85,94.8333333333333,398827,48.5900341130604
"418",2016-01-19 22:00:00,0.95,2.28333333333333,1.33333333333333,0.116666666666667,0,966.95,94,305077,38.6173417721519
"419",2016-01-19 23:00:00,0.95,1.91666666666667,1.16666666666667,0.133333333333333,0,966.9,94.3333333333333,174813,28.4943765281174
"420",2016-01-20 00:00:00,0.933333333333333,1.2,0.833333333333333,0.2,0.6,966.95,94.8333333333333,152223,33.0130123617437
"421",2016-01-20 01:00:00,0.85,0.0833333333333333,0,0.2,0.6,966.9,95.6666666666667,2225,17.8
"422",2016-01-20 04:00:00,1.2,1.76666666666667,1.16666666666667,0.85,0,967.166666666667,97.6666666666667,1000,7.75193798449612
"423",2016-01-20 05:00:00,1.01666666666667,2.93333333333333,2,0.716666666666667,0,967.333333333333,98,214963,41.5467723231542
"424",2016-01-20 06:00:00,0.833333333333333,3.3,2,0.566666666666667,0,967.5,98,614606,50.0819752281617
"425",2016-01-20 07:00:00,0.85,3.25,2,0.483333333333333,0,967.916666666667,97.3333333333333,879885,63.5984821105891
"426",2016-01-20 08:00:00,0.916666666666667,3.16666666666667,2,0.45,0,968.366666666667,96.3333333333333,935713,70.4550109178526
"427",2016-01-20 09:00:00,1.11666666666667,3.85,2,0.516666666666667,0,968.85,95.6666666666667,445640,38.3973806651732
"428",2016-01-20 10:00:00,1.25,3.9,2,0.35,0,969.383333333333,93.6666666666667,371557,32.9833111407013
"429",2016-01-20 11:00:00,1.7,3.41666666666667,1.83333333333333,0.35,0,969.8,90.5,404741,35.5285287921348
"430",2016-01-20 12:00:00,2.38333333333333,3.05,1.5,0.4,0,969.533333333333,86.6666666666667,509087,43.687205011585
"431",2016-01-20 13:00:00,2.95,2.98333333333333,1.83333333333333,0.433333333333333,0,969.25,83.6666666666667,466024,40.1467953135768
"432",2016-01-20 14:00:00,1.78333333333333,3.6,2,0.0666666666666667,0,969.216666666667,88.5,506524,44.6552058538306
"433",2016-01-20 15:00:00,2.01666666666667,2.5,1.33333333333333,0.0833333333333333,0,969.383333333333,87,527387,45.4448082722964
"434",2016-01-20 16:00:00,2.11666666666667,1.96666666666667,1.33333333333333,0.133333333333333,0,969.5,86.5,602856,45.3138905592303
"435",2016-01-20 17:00:00,1.91666666666667,2.18333333333333,1.33333333333333,0.183333333333333,0,969.85,88.3333333333333,868947,63.4916703200351
"436",2016-01-20 18:00:00,1.8,2.5,1.5,0,0,970.2,87.8333333333333,683052,50.9208289846429
"437",2016-01-20 19:00:00,1.53333333333333,2.83333333333333,1.83333333333333,-0.4,0,970.633333333333,87,523266,44.4160937102114
"438",2016-01-20 20:00:00,1.48333333333333,2.55,2,-0.5,0,970.866666666667,86.5,503455,47.7072870273856
"439",2016-01-20 21:00:00,0.95,3.68333333333333,2,-0.633333333333333,0,971.333333333333,89,320909,38.2216531681753
"440",2016-01-20 22:00:00,0.266666666666667,4.48333333333333,2,-0.966666666666667,0,971.816666666667,91.3333333333333,273434,34.4028686462003
"441",2016-01-20 23:00:00,-0.316666666666667,4.28333333333333,2,-1.35,0,972.3,92.8333333333333,172836,28.0760233918129
"442",2016-01-21 00:00:00,-0.316666666666667,3.35,1.83333333333333,-1.53333333333333,0,972.6,91.3333333333333,79719,17.1365004299226
"443",2016-01-21 01:00:00,-0.783333333333333,3.96666666666667,2,-2.3,0,972.85,89.5,2003,15.7716535433071
"444",2016-01-21 04:00:00,-1.51666666666667,4.28333333333333,2,-2.61666666666667,0,973.266666666667,92.3333333333333,1823,14.8211382113821
"445",2016-01-21 05:00:00,-1.7,3.15,2,-3,0,973.6,90.8333333333333,134082,25.6077158135982
"446",2016-01-21 06:00:00,-1.78333333333333,4.31666666666667,2,-2.95,0,973.816666666667,91.5,463381,37.4267829739116
"447",2016-01-21 07:00:00,-1.96666666666667,4.05,2,-3.16666666666667,0,974.183333333333,91.5,649014,46.587753930084
"448",2016-01-21 08:00:00,-1.93333333333333,4.28333333333333,2,-3.2,0,974.65,90.8333333333333,877752,66.031144211239
"449",2016-01-21 09:00:00,-1.91666666666667,3.96666666666667,2,-3.33333333333333,0,975.1,89.6666666666667,430530,37.0699156190804
"450",2016-01-21 10:00:00,-1.43333333333333,4.18333333333333,2,-3.06666666666667,0,975.5,88.6666666666667,368800,32.4762240225431
"451",2016-01-21 11:00:00,-0.4,4.38333333333333,2.16666666666667,-2.76666666666667,0,975.616666666667,84,381981,33.4337855579869
"452",2016-01-21 12:00:00,1.16666666666667,4.46666666666667,2,-2.23333333333333,0,975.466666666667,78.1666666666667,465455,39.9600789835165
"453",2016-01-21 13:00:00,2.56666666666667,4.28333333333333,2,-1.83333333333333,0,975.2,72.5,495594,42.5475618131868
"454",2016-01-21 14:00:00,3.28333333333333,4.06666666666667,2,-2.2,0,975.033333333333,67,465695,41.0014967423842
"455",2016-01-21 15:00:00,3.1,3.88333333333333,1.5,-2.96666666666667,0,975.233333333333,64.3333333333333,578166,49.8032560944095
"456",2016-01-21 16:00:00,2.45,3.51666666666667,1.66666666666667,-3.58333333333333,0,975.516666666667,64.3333333333333,640727,47.9801557585742
"457",2016-01-21 17:00:00,1.23333333333333,4.11666666666667,1.33333333333333,-3.41666666666667,0,975.883333333333,71.1666666666667,858514,62.5465539851377
"458",2016-01-21 18:00:00,0.75,3.96666666666667,1.66666666666667,-2.73333333333333,0,976.35,77.3333333333333,726179,54.0432388181886
"459",2016-01-21 19:00:00,0.566666666666667,2.8,1,-2.73333333333333,0,976.866666666667,78.5,520999,46.1551204819277
"460",2016-01-21 20:00:00,0.333333333333333,2.61666666666667,1.33333333333333,-2.86666666666667,0,977.35,79.1666666666667,677103,69.0006114338123
"461",2016-01-21 21:00:00,-0.133333333333333,3.71666666666667,2,-2.88333333333333,0,977.9,81.5,339521,40.935736677116
"462",2016-01-21 22:00:00,-0.5,3.81666666666667,2,-3.18333333333333,0,978.3,82.1666666666667,273858,34.8242624618515
"463",2016-01-21 23:00:00,-0.583333333333333,3.4,2,-3.18333333333333,0,978.216666666667,82.8333333333333,190861,30.9939915556999
"464",2016-01-22 00:00:00,-1.03333333333333,4.48333333333333,2.16666666666667,-3.43333333333333,0,978.4,83.5,90752,19.5165591397849
"465",2016-01-22 01:00:00,-1.2,4.06666666666667,2,-3.43333333333333,0,978.433333333333,84.6666666666667,212,1.79661016949153
"466",2016-01-22 04:00:00,-1.16666666666667,3.31666666666667,1.83333333333333,-3.41666666666667,0,978.966666666667,85,2323,18.4365079365079
"467",2016-01-22 05:00:00,-1.06666666666667,2.2,1,-3.36666666666667,0,979.333333333333,84.3333333333333,124799,23.8712700841622
"468",2016-01-22 06:00:00,-0.55,2.43333333333333,1.33333333333333,-3.08333333333333,0,979.383333333333,82.6666666666667,428931,34.8639356254572
"469",2016-01-22 07:00:00,-0.1,4.46666666666667,2.16666666666667,-3.16666666666667,0,979.366666666667,79.8333333333333,588482,42.514232047392
"470",2016-01-22 08:00:00,-0.266666666666667,4.28333333333333,2,-3.56666666666667,0,979.916666666667,78.3333333333333,617285,46.5208380435602
"471",2016-01-22 09:00:00,-0.0333333333333333,3.68333333333333,2,-3.38333333333333,0,980.066666666667,78.1666666666667,367047,31.7130637636081
"472",2016-01-22 10:00:00,0.283333333333333,3.11666666666667,2,-3.15,0,980.266666666667,77.8333333333333,380211,33.6053561958635
"473",2016-01-22 11:00:00,1.56666666666667,3.6,2,-2.13333333333333,0,980.166666666667,76.1666666666667,416846,36.5943288561145
"474",2016-01-22 12:00:00,2.26666666666667,2.88333333333333,2,-1.98333333333333,0,979.866666666667,73.3333333333333,482861,41.6367163921704
"475",2016-01-22 13:00:00,2.61666666666667,3.11666666666667,2,-1.76666666666667,0,979.45,72.6666666666667,465450,40.2255639097744
"476",2016-01-22 14:00:00,2.75,4.18333333333333,2.66666666666667,-1.18333333333333,0,979.183333333333,75.1666666666667,469508,41.4979671203818
"477",2016-01-22 15:00:00,2.93333333333333,4.3,3,-0.9,0,979.266666666667,75.6666666666667,596558,51.4806696582672
"478",2016-01-22 16:00:00,2.31666666666667,4.16666666666667,2.5,-1.48333333333333,0,979.316666666667,76,770989,58.0127163280662
"479",2016-01-22 17:00:00,1.5,3.61666666666667,2,-1.91666666666667,0,979.483333333333,78,967611,70.633695890211
"480",2016-01-22 18:00:00,0.916666666666667,3.15,2,-1.9,0,979.716666666667,81.3333333333333,661543,49.3688805970149
"481",2016-01-22 19:00:00,0.516666666666667,3.15,2,-2,0,979.9,83.1666666666667,436380,36.9187817258883
"482",2016-01-22 20:00:00,0.783333333333333,3.46666666666667,2,-1.7,0,979.983333333333,83.3333333333333,473850,44.9274675263108
"483",2016-01-22 21:00:00,0.966666666666667,4.4,2.5,-1.43333333333333,0,980.016666666667,84,339958,40.6356681807315
"484",2016-01-22 22:00:00,1.15,4.48333333333333,2.5,-1.15,0,980.266666666667,84.5,389348,48.0380012338063
"485",2016-01-22 23:00:00,1.93333333333333,4.6,2.83333333333333,-0.683333333333333,0,980.5,82.8333333333333,398120,50.1600100793751
"486",2016-01-23 00:00:00,2.3,5.4,2.83333333333333,-0.0666666666666667,0,980.466666666667,84.3333333333333,238614,42.0317068874405
"487",2016-01-23 01:00:00,2.26666666666667,6.8,3.5,0.233333333333333,0,980.216666666667,86.1666666666667,8382,60.7391304347826
"488",2016-01-23 04:00:00,3.98333333333333,2.91666666666667,1.5,1.35,0.2,981.05,82.8333333333333,2055,16.3095238095238
"489",2016-01-23 05:00:00,3.66666666666667,3.66666666666667,1.66666666666667,2.13333333333333,0.1,981.6,89.6666666666667,92038,21.9818485789348
"490",2016-01-23 06:00:00,3.35,3.01666666666667,1.83333333333333,2.86666666666667,0.2,982.716666666667,96.8333333333333,137997,22.3948393378773
"491",2016-01-23 07:00:00,3.95,3.05,1.33333333333333,3.46666666666667,0.1,984.033333333333,96.8333333333333,183376,24.0241058561509
"492",2016-01-23 08:00:00,4.43333333333333,3.38333333333333,1.33333333333333,3.7,0,984.516666666667,95,219009,24.8028312570781
"493",2016-01-23 09:00:00,4.83333333333333,3.4,2,3.76666666666667,0,985.5,92.8333333333333,283199,30.2724746125067
"494",2016-01-23 10:00:00,5.68333333333333,3.05,1.83333333333333,4.05,0,986.45,89.1666666666667,314033,28.6448052540363
"495",2016-01-23 11:00:00,5.25,5.26666666666667,3,4.08333333333333,0,986.983333333333,92.1666666666667,304791,27.7007179860038
"496",2016-01-23 12:00:00,5.88333333333333,4.71666666666667,2.5,4.41666666666667,0,986.883333333333,90.1666666666667,319097,28.9982733551436
"497",2016-01-23 13:00:00,6.46666666666667,6.21666666666667,3.33333333333333,4.46666666666667,0,986.6,87,345526,31.36867907399
"498",2016-01-23 14:00:00,7.23333333333333,4,2.33333333333333,4.46666666666667,0,986.316666666667,82.6666666666667,422269,38.3776242842861
"499",2016-01-23 15:00:00,7.18333333333333,2.61666666666667,1.83333333333333,4.83333333333333,0,986.45,84.8333333333333,496295,45.0972285324852
"500",2016-01-23 16:00:00,6.88333333333333,2.4,2,4.56666666666667,0,986.7,85.3333333333333,474379,43.043190273115
"501",2016-01-23 17:00:00,5.36666666666667,1.6,1.16666666666667,3.4,0,986.883333333333,87.1666666666667,510390,46.340112583984
"502",2016-01-23 18:00:00,3.78333333333333,1.4,1,2.5,0,987.666666666667,91.1666666666667,572086,51.739712399385
"503",2016-01-23 19:00:00,2.86666666666667,2.18333333333333,1.33333333333333,1.96666666666667,0,988.133333333333,93.6666666666667,452889,41.8837510404143
"504",2016-01-23 20:00:00,2.56666666666667,2.68333333333333,2,1.73333333333333,0,988.216666666667,94.3333333333333,390457,39.1396351242983
"505",2016-01-23 21:00:00,2.08333333333333,2,1.5,1.35,0,988.05,94.8333333333333,282170,34.1610169491525
"506",2016-01-23 22:00:00,1.51666666666667,2.01666666666667,1.33333333333333,0.933333333333333,0,987.7,96,323073,40.0239098116948
"507",2016-01-23 23:00:00,1.2,2.35,2,0.833333333333333,0,987.316666666667,97.3333333333333,287719,36.3419224453707
"508",2016-01-24 00:00:00,1.06666666666667,1.58333333333333,0.833333333333333,0.75,0,986.783333333333,97.6666666666667,204871,36.0624889984158
"509",2016-01-24 01:00:00,0.366666666666667,2.9,2,0.0666666666666667,0,986.483333333333,98,6787,53.8650793650794
"510",2016-01-24 04:00:00,-0.416666666666667,2.7,1.83333333333333,-0.5,0,986.35,99.8333333333333,2319,20.8918918918919
"511",2016-01-24 05:00:00,-0.833333333333333,2.13333333333333,1.33333333333333,-0.833333333333333,0,986.4,100,118217,32.0631950094928
"512",2016-01-24 06:00:00,-0.583333333333333,2.51666666666667,1.66666666666667,-0.583333333333333,0,986.516666666667,100,121319,23.7229174814235
"513",2016-01-24 07:00:00,-0.233333333333333,2.05,1,-0.233333333333333,0,986.383333333333,100,128783,23.4108343937466
"514",2016-01-24 08:00:00,-0.133333333333333,1.8,1.16666666666667,-0.133333333333333,0,986.566666666667,100,140967,23.8643981716607
"515",2016-01-24 09:00:00,0.216666666666667,1.33333333333333,0.666666666666667,0.216666666666667,0,986.85,100,203467,31.5599503645106
"516",2016-01-24 10:00:00,0.766666666666667,2.61666666666667,1.66666666666667,0.766666666666667,0,986.933333333333,100,199198,25.0563522012579
"517",2016-01-24 11:00:00,1.88333333333333,3.38333333333333,1.83333333333333,1.68333333333333,0,986.633333333333,98.5,188247,22.996213046665
"518",2016-01-24 12:00:00,3.51666666666667,1.88333333333333,1,1.45,0,986.333333333333,86.3333333333333,191856,23.4542787286064
"519",2016-01-24 13:00:00,4.05,2.53333333333333,1.5,1.15,0,985.9,81.1666666666667,247246,30.2256723716381
"520",2016-01-24 14:00:00,4.93333333333333,1.4,1,0.916666666666667,0,985.6,75,257135,31.4461293873059
"521",2016-01-24 15:00:00,5.38333333333333,1.4,1,1.53333333333333,0,985.516666666667,76.1666666666667,288750,35.3643600734844
"522",2016-01-24 16:00:00,5.31666666666667,2.06666666666667,1.16666666666667,1.7,0,985.416666666667,77.6666666666667,297719,36.4048667155784
"523",2016-01-24 17:00:00,5.26666666666667,1.91666666666667,1.16666666666667,1.8,0,985.533333333333,78.3333333333333,349092,42.8596685082873
"524",2016-01-24 18:00:00,5.2,2.65,2,2.21666666666667,0,985.466666666667,81,343218,42.226624015748
"525",2016-01-24 19:00:00,5.33333333333333,2.26666666666667,1.5,2.6,0,985.533333333333,82.5,226995,27.8863636363636
"526",2016-01-24 20:00:00,5.03333333333333,3.43333333333333,1.83333333333333,1.88333333333333,0,985.2,80,255589,31.131425091352
"527",2016-01-24 21:00:00,5.11666666666667,1.06666666666667,0.5,1.53333333333333,0,985.116666666667,77.6666666666667,208913,26.114125
"528",2016-01-24 22:00:00,4.7,1.75,1.33333333333333,1.88333333333333,0,984.833333333333,81.8333333333333,167654,21.5521275228178
"529",2016-01-24 23:00:00,4.38333333333333,2.46666666666667,1.66666666666667,1.55,0,984.516666666667,81.6666666666667,119740,19.7558158719683
"530",2016-01-25 00:00:00,4.65,1.05,0.666666666666667,1.55,0,984.366666666667,80.3333333333333,71307,15.4880538662033
"531",2016-01-25 01:00:00,3.61666666666667,1.8,1.33333333333333,1.16666666666667,0,983.833333333333,83.8333333333333,962,8.36521739130435
"532",2016-01-25 04:00:00,1.06666666666667,1.36666666666667,0.666666666666667,-0.35,0,983.116666666667,90,2449,19.1328125
"533",2016-01-25 05:00:00,0.65,1.7,1,-0.45,0,982.783333333333,92.5,124465,23.8530088156382
"534",2016-01-25 06:00:00,0.516666666666667,1.63333333333333,1.16666666666667,-0.433333333333333,0,982.65,93.3333333333333,461736,37.5945285784074
"535",2016-01-25 07:00:00,0.683333333333333,1.85,1.16666666666667,-0.266666666666667,0,982.85,93.1666666666667,642843,46.3979068928185
"536",2016-01-25 08:00:00,1.16666666666667,0.833333333333333,0.5,0.133333333333333,0,982.7,92.8333333333333,731233,54.8561890472618
"537",2016-01-25 09:00:00,4.81666666666667,1.16666666666667,0.5,1.36666666666667,0,982.566666666667,78.1666666666667,426735,36.8637698686939
"538",2016-01-25 10:00:00,6.68333333333333,0.816666666666667,0.333333333333333,1.71666666666667,0,982.283333333333,70.5,362288,32.0580479603575
"539",2016-01-25 11:00:00,8.13333333333333,1.28333333333333,0.666666666666667,2.53333333333333,0,982.45,67.8333333333333,404870,35.5960963601196
"540",2016-01-25 12:00:00,8.05,1.03333333333333,0.666666666666667,3.08333333333333,0,982.033333333333,70.6666666666667,428193,36.8528272656855
"541",2016-01-25 13:00:00,8.86666666666667,1.68333333333333,1.5,2.55,0,981.366666666667,64.5,444944,38.4301261012265
"542",2016-01-25 14:00:00,8.9,1.76666666666667,1.33333333333333,3.16666666666667,0,980.766666666667,67.6666666666667,477942,42.333215234721
"543",2016-01-25 15:00:00,8.48333333333333,3.06666666666667,2,4.05,0,980.783333333333,73.6666666666667,540531,46.7425631269457
"544",2016-01-25 16:00:00,7.88333333333333,3.58333333333333,2.33333333333333,4.53333333333333,0,980.65,79.5,649103,48.8488109572547
"545",2016-01-25 17:00:00,6.68333333333333,4.43333333333333,2.66666666666667,4.41666666666667,0,980.683333333333,85.3333333333333,861730,62.9597428216556
"546",2016-01-25 18:00:00,6.25,2.91666666666667,1.83333333333333,3.83333333333333,0,980.7,84.3333333333333,662017,49.5521706586826
"547",2016-01-25 19:00:00,5.15,0.766666666666667,0.333333333333333,2.58333333333333,0,980.85,83.5,391471,33.2572423753292
"548",2016-01-25 20:00:00,4.18333333333333,1.53333333333333,0.666666666666667,1.76666666666667,0,981.4,84,432967,40.9851382052253
"549",2016-01-25 21:00:00,3.36666666666667,1.26666666666667,0.666666666666667,1.51666666666667,0,981.683333333333,87.5,320605,38.3407079646018
"550",2016-01-25 22:00:00,2.91666666666667,1.91666666666667,1.5,1.31666666666667,0,981.866666666667,89.1666666666667,245435,31.0049267306721
"551",2016-01-25 23:00:00,2.9,1.06666666666667,0.5,1.66666666666667,0,981.9,91.6666666666667,166398,27.1448613376835
"552",2016-01-26 00:00:00,2.05,1.48333333333333,1,1.01666666666667,0,982.016666666667,93,104381,22.5981814245508
"553",2016-01-26 01:00:00,1.85,2.41666666666667,1.66666666666667,0.966666666666667,0,982.416666666667,93.8333333333333,2491,20.0887096774194
"554",2016-01-26 04:00:00,1.88333333333333,1.61666666666667,1.16666666666667,1.15,0,982.616666666667,95,2992,23.5590551181102
"555",2016-01-26 05:00:00,1.78333333333333,0.233333333333333,0.166666666666667,1.18333333333333,0,982.583333333333,95.8333333333333,132832,25.5102746303054
"556",2016-01-26 06:00:00,1.98333333333333,1.6,0.833333333333333,1.31666666666667,0,982.283333333333,95.3333333333333,504500,40.9696280656164
"557",2016-01-26 07:00:00,2.48333333333333,1.86666666666667,1.33333333333333,1.6,0,982.033333333333,94.1666666666667,757224,55.7889928534591
"558",2016-01-26 08:00:00,2.75,0.933333333333333,0.5,1.91666666666667,0,981.65,94.1666666666667,804842,61.7399509051856
"559",2016-01-26 09:00:00,3.83333333333333,1.78333333333333,0.833333333333333,2.75,0,981.316666666667,92.8333333333333,542946,47.1021080940401
"560",2016-01-26 10:00:00,4.96666666666667,0.8,0.666666666666667,3.3,0,981.466666666667,89,387434,34.4661506983364
"561",2016-01-26 11:00:00,5.75,1.41666666666667,0.833333333333333,3.73333333333333,0,981.7,87,482500,43.138131426017
"562",2016-01-26 12:00:00,7.48333333333333,1.86666666666667,0.833333333333333,4.06666666666667,0,981.283333333333,79.1666666666667,459321,39.7370879833896
"563",2016-01-26 13:00:00,8.55,3.16666666666667,1.66666666666667,4.45,0,980.866666666667,75.6666666666667,516214,44.748092926491
"564",2016-01-26 14:00:00,8.46666666666667,5.28333333333333,3,4.81666666666667,0,980.133333333333,77.8333333333333,526314,46.7294681701145
"565",2016-01-26 15:00:00,9.13333333333333,4.2,2.66666666666667,4.88333333333333,0,979.683333333333,74.6666666666667,571690,49.4114088159032
"566",2016-01-26 16:00:00,9.03333333333333,3.9,2.33333333333333,4.7,0,979.633333333333,74.3333333333333,686051,52.1513492968453
"567",2016-01-26 17:00:00,7.31666666666667,2.61666666666667,1.5,4.33333333333333,0,979.683333333333,81.3333333333333,1042822,76.4588312926168
"568",2016-01-26 18:00:00,6.85,2.66666666666667,1.83333333333333,4.15,0,979.533333333333,82.8333333333333,936085,70.1029731146559
"569",2016-01-26 19:00:00,5.7,1.5,1,3.9,0,979.583333333333,88.1666666666667,496778,42.1283921302578
"570",2016-01-26 20:00:00,5.13333333333333,0.65,0.5,3.26666666666667,0,979.6,88,466320,44.1632730372194
"571",2016-01-26 21:00:00,4.36666666666667,1.51666666666667,1,2.85,0,979.5,89.6666666666667,298517,35.6353109705145
"572",2016-01-26 22:00:00,4.15,1.88333333333333,1.33333333333333,2.9,0,979.683333333333,91.5,268276,33.8946304485155
"573",2016-01-26 23:00:00,3.78333333333333,2.26666666666667,1.5,2.63333333333333,0,979.5,92.1666666666667,163923,26.701905847858
"574",2016-01-27 00:00:00,3.33333333333333,1.4,1,2.26666666666667,0,979.333333333333,92.5,104666,22.4798109965636
"575",2016-01-27 01:00:00,2.75,1.06666666666667,0.666666666666667,1.98333333333333,0,978.833333333333,94.8333333333333,1621,13.2868852459016
"576",2016-01-27 04:00:00,2,1.33333333333333,0.5,1.51666666666667,0,978.533333333333,96.8333333333333,3319,25.7286821705426
"577",2016-01-27 05:00:00,2.41666666666667,1.75,1,1.93333333333333,0,978.95,96.6666666666667,114803,22.0859946133128
"578",2016-01-27 06:00:00,3.03333333333333,1.6,1,2.4,0,979.1,95.6666666666667,471969,38.3465225869353
"579",2016-01-27 07:00:00,4.23333333333333,3.61666666666667,2.33333333333333,3.63333333333333,0,979.033333333333,95.8333333333333,635623,45.7677851382488
"580",2016-01-27 08:00:00,4.68333333333333,5.63333333333333,3.16666666666667,3.86666666666667,0,978.966666666667,94.3333333333333,772769,57.9808673469388
"581",2016-01-27 09:00:00,5.16666666666667,6.1,3.33333333333333,3.68333333333333,0,978.7,90.1666666666667,386492,33.3873531444368
"582",2016-01-27 10:00:00,5.25,5.38333333333333,3,3.73333333333333,0,978.533333333333,89.8333333333333,359896,31.9708625743982
"583",2016-01-27 11:00:00,6.93333333333333,2.36666666666667,1.33333333333333,3.91666666666667,0,978.45,81.1666666666667,401691,35.5919723551303
"584",2016-01-27 12:00:00,9.38333333333333,2.03333333333333,1.5,3.78333333333333,0,977.85,68.1666666666667,519121,44.7363840055153
"585",2016-01-27 13:00:00,8.28333333333333,2.51666666666667,1.83333333333333,3.98333333333333,0,977.1,74,485708,42.0089949835669
"586",2016-01-27 14:00:00,8.23333333333333,3.86666666666667,2.5,4.43333333333333,0,976.35,76.8333333333333,523583,46.4292808371021
"587",2016-01-27 15:00:00,8.61666666666667,3.63333333333333,2,4.25,0,975.783333333333,74,542506,47.0068451607313
"588",2016-01-27 16:00:00,8.21666666666667,3.6,1.83333333333333,4.43333333333333,0,975.45,77,625382,47.095564425032
"589",2016-01-27 17:00:00,7.72,3.68,2,4.52,0,975.14,80.4,981588,71.8322722283205
"590",2016-01-27 18:00:00,7.46666666666667,3.36666666666667,1.83333333333333,4.51666666666667,0,975.116666666667,81.5,812528,60.7270553064275
"591",2016-01-27 19:00:00,7.43333333333333,2.13333333333333,1.33333333333333,4.53333333333333,0,975.016666666667,82,467880,39.7654258031617
"592",2016-01-27 20:00:00,7.23333333333333,2.71666666666667,1.5,4.58333333333333,0,974.783333333333,83.1666666666667,452848,43.1859622353614
"593",2016-01-27 21:00:00,6.56666666666667,3.23333333333333,2,4.68333333333333,0,974.566666666667,87.6666666666667,326668,39.3244251835801
"594",2016-01-27 22:00:00,6.31666666666667,1.93333333333333,1.33333333333333,4.35,0,974.366666666667,87,265672,33.7489837398374
"595",2016-01-27 23:00:00,5.9,3.26666666666667,2,3.93333333333333,0,974.083333333333,87,177438,29.2175201712498
"596",2016-01-28 00:00:00,5.66666666666667,3.38333333333333,2,3.8,0,974.166666666667,87.8333333333333,96911,20.9991332611051
"597",2016-01-28 01:00:00,5.6,4.01666666666667,2.16666666666667,4.06666666666667,0,974.35,89.6666666666667,2697,21.576
"598",2016-01-28 04:00:00,10.1166666666667,5.06666666666667,1.66666666666667,3.78333333333333,0,975,64.6666666666667,2805,21.9140625
"599",2016-01-28 05:00:00,7.6,4.26666666666667,2.5,4.06666666666667,0,975.416666666667,78.3333333333333,111336,21.5017381228273
"600",2016-01-28 06:00:00,6.16666666666667,4.58333333333333,2.33333333333333,3.96666666666667,0,975.683333333333,85.8333333333333,428050,34.9343018036399
"601",2016-01-28 07:00:00,5.98333333333333,3.55,2.16666666666667,3.86666666666667,0,976.133333333333,86.3333333333333,585876,42.3351398222415
"602",2016-01-28 08:00:00,6.2,3.13333333333333,2,3.86666666666667,0,976.966666666667,84.6666666666667,677102,50.9712436013249
"603",2016-01-28 09:00:00,6.81666666666667,2.56666666666667,1.66666666666667,4.36666666666667,0,977.466666666667,84.1666666666667,401251,34.728319196815
"604",2016-01-28 10:00:00,6.96666666666667,4.06666666666667,2.16666666666667,4.56666666666667,0,977.633333333333,84.6666666666667,361975,32.0558802692171
"605",2016-01-28 11:00:00,10.3666666666667,2.88333333333333,1.5,5.08333333333333,0,978,70,372587,32.8617922032104
"606",2016-01-28 12:00:00,8.55,3.55,2,4.46666666666667,0,978,75.5,425336,36.6037865748709
"607",2016-01-28 13:00:00,8.51666666666667,3.38333333333333,1.83333333333333,4.56666666666667,0,977.75,76,500986,43.2817278617711
"608",2016-01-28 14:00:00,8.4,2.36666666666667,1.5,4.75,0,977.566666666667,78,436032,38.5698363555949
"609",2016-01-28 15:00:00,9.98333333333333,1.36666666666667,1,3.91666666666667,0,977.466666666667,66,475449,41.1929474961012
"610",2016-01-28 16:00:00,10,1.15,0.666666666666667,3.86666666666667,0,977.516666666667,65.6666666666667,626648,47.1944569965356
"611",2016-01-28 17:00:00,9,1.13333333333333,0.666666666666667,4.13333333333333,0,977.833333333333,71.5,1115700,81.6883877580905
"612",2016-01-28 18:00:00,8.78333333333333,0.733333333333333,0.5,5.73333333333333,0,978.416666666667,81,1009165,75.7688264884751
"613",2016-01-28 19:00:00,8.61666666666667,1.51666666666667,0.833333333333333,6.75,0,978.783333333333,88.3333333333333,485484,41.2265625
"614",2016-01-28 20:00:00,7.83333333333333,1.36666666666667,1.16666666666667,6.31666666666667,0,978.966666666667,90,492748,46.9552125023823
"615",2016-01-28 21:00:00,7.7,1.78333333333333,1.5,6.1,0,978.883333333333,89.6666666666667,333662,40.1180714199832
"616",2016-01-28 22:00:00,7.25,2.7,2,5.45,0,978.916666666667,88.3333333333333,295934,37.5646103071846
"617",2016-01-28 23:00:00,6.81666666666667,3.36666666666667,2,5.38333333333333,0,979.116666666667,90.5,221482,36.3980279375514
"618",2016-01-29 00:00:00,7.05,3.58333333333333,2,5.21666666666667,0,979.266666666667,88,114717,24.981925087108
"619",2016-01-29 01:00:00,8.26666666666667,4.68333333333333,2,5.51666666666667,0,979.15,82.6666666666667,3218,26.1626016260163
"620",2016-01-29 04:00:00,8.45,2.68333333333333,1.5,7,0,980.333333333333,90.6666666666667,2209,17.3937007874016
"621",2016-01-29 05:00:00,8.11666666666667,2.8,1.5,6.8,0,981.133333333333,91.6666666666667,143555,27.6972795678179
"622",2016-01-29 06:00:00,8.75,2.68333333333333,1.33333333333333,7.11666666666667,0,981.7,89.6666666666667,396685,32.4380570774389
"623",2016-01-29 07:00:00,6.98333333333333,3.4,1.83333333333333,5.81666666666667,0,982.266666666667,92.3333333333333,566127,41.1011325686075
"624",2016-01-29 08:00:00,6.98333333333333,2.6,1.5,6.03333333333333,0,982.783333333333,93.6666666666667,661161,49.932860055887
"625",2016-01-29 09:00:00,6.96666666666667,2.61666666666667,1.33333333333333,6.1,0,982.966666666667,94,425694,37.1460732984293
"626",2016-01-29 10:00:00,7.15,2.36666666666667,1.66666666666667,6.28333333333333,0,982.966666666667,94.3333333333333,417462,37.4741472172352
"627",2016-01-29 11:00:00,8.08333333333333,2.55,1.66666666666667,6.65,0,982.85,90.5,481364,42.8107435076485
"628",2016-01-29 12:00:00,8.25,2.86666666666667,1.83333333333333,6.93333333333333,0,982.6,91.5,490384,42.6977797126687
"629",2016-01-29 13:00:00,8.03333333333333,3.75,2.5,6.95,0,982.4,92.8333333333333,517774,45.6470069646478
"630",2016-01-29 14:00:00,8.55,2.78333333333333,2,7.05,0,982.183333333333,90.1666666666667,575524,52.4013475371028
"631",2016-01-29 15:00:00,9.66666666666667,3.05,1.66666666666667,6.86666666666667,0,981.983333333333,83,819731,71.6297623208668
"632",2016-01-29 16:00:00,10.7,3.76666666666667,2,6.25,0,981.65,73.8333333333333,1134186,86.6982112826785
"633",2016-01-29 17:00:00,8.51666666666667,5.21666666666667,2,5.68333333333333,0,981.633333333333,82.3333333333333,1071782,79.597623468251
"634",2016-01-29 18:00:00,7.5,4.9,2,5.3,0,981.733333333333,85.6666666666667,755383,56.7786380036079
"635",2016-01-29 19:00:00,7.16666666666667,3.78333333333333,2,5.05,0,981.9,86,460956,39.4992287917738
"636",2016-01-29 20:00:00,6.7,3.3,2,4.81666666666667,0,981.866666666667,87.8333333333333,484004,46.0211086811828
"637",2016-01-29 21:00:00,5.93333333333333,2.85,1.33333333333333,4.46666666666667,0,981.85,90.3333333333333,338304,40.6762053625105
"638",2016-01-29 22:00:00,5.05,1.48333333333333,0.833333333333333,4.11666666666667,0,981.833333333333,93.6666666666667,347870,43.2512744000995
"639",2016-01-29 23:00:00,5.68333333333333,3.7,1.83333333333333,4.65,0,981.833333333333,93.1666666666667,328845,41.6628658304827
"640",2016-01-30 00:00:00,6.25,2.03333333333333,1.16666666666667,4.5,0,981.583333333333,88.5,204709,36.3797760796161
"641",2016-01-30 01:00:00,5.58333333333333,1.11666666666667,0.833333333333333,4.35,0,980.916666666667,91.5,4113,30.6940298507463
"642",2016-01-30 04:00:00,3.88333333333333,1.68333333333333,1,3.33333333333333,0,978.466666666667,96.3333333333333,3775,29.7244094488189
"643",2016-01-30 05:00:00,3.83333333333333,1.6,0.833333333333333,3.48333333333333,0,977.983333333333,97.6666666666667,85894,20.4948699594369
"644",2016-01-30 06:00:00,4.18333333333333,3.01666666666667,2,4.03333333333333,0,977.533333333333,99,136936,22.2082387285112
"645",2016-01-30 07:00:00,3.95,2.25,1,3.93333333333333,0,977.283333333333,100,185187,24.1884796238245
"646",2016-01-30 08:00:00,3.45,2.93333333333333,1.66666666666667,3.45,0,977.283333333333,100,231310,25.9928081806945
"647",2016-01-30 09:00:00,3.35,2.71666666666667,1.66666666666667,3.35,0,976.85,100,321052,34.0711026212459
"648",2016-01-30 10:00:00,3.71666666666667,2.75,1.16666666666667,3.71666666666667,0,976.266666666667,100,391468,35.4654828773329
"649",2016-01-30 11:00:00,6.2,3.45,1.5,5.9,0,974.75,98,326668,29.5039739884393
"650",2016-01-30 12:00:00,8.5,6.53333333333333,2.83333333333333,5.33333333333333,0,972.916666666667,80.5,389812,35.213369467028
"651",2016-01-30 13:00:00,8.51666666666667,4.8,1.66666666666667,5.15,0,971.516666666667,79.6666666666667,430276,38.9813371987679
"652",2016-01-30 14:00:00,10.8333333333333,6.43333333333333,1.66666666666667,5,0,970.516666666667,67.3333333333333,477603,43.3829593968571
"653",2016-01-30 15:00:00,10.2166666666667,5.28333333333333,1.83333333333333,4.45,0,969.566666666667,67.6666666666667,480962,43.7238181818182
"654",2016-01-30 16:00:00,10.6833333333333,5.93333333333333,1.66666666666667,3.65,0,968.716666666667,61.8333333333333,513072,46.301958307012
"655",2016-01-30 17:00:00,11.7333333333333,9.01666666666667,1.66666666666667,2.6,0,968.266666666667,53.3333333333333,486953,43.8814995043706
"656",2016-01-30 18:00:00,11.3166666666667,15.0333333333333,3.66666666666667,2.98333333333333,0,968.6,56.5,664862,59.8274093404121
"657",2016-01-30 19:00:00,10.1833333333333,14.95,3.33333333333333,4.1,0.1,968.316666666667,65.8333333333333,575328,52.8842724515121
"658",2016-01-30 20:00:00,9.36666666666667,7.31666666666667,1.5,4.98333333333333,0.5,968.216666666667,74,496031,48.927895048333
"659",2016-01-30 21:00:00,8.58333333333333,9.5,1.83333333333333,5.33333333333333,0.5,968.15,79.8333333333333,314937,37.9305070456462
"660",2016-01-30 22:00:00,8.48333333333333,13.45,2.5,5.45,0.4,967.85,81.1666666666667,306131,37.8640692640693
"661",2016-01-30 23:00:00,8.25,14.7833333333333,3.5,5.58333333333333,0.7,968.033333333333,83.1666666666667,325765,40.9921983138291
"662",2016-01-31 00:00:00,7.43333333333333,11.5833333333333,3,5.83333333333333,1.6,968.433333333333,89.5,241816,42.4387504387504
"663",2016-01-31 01:00:00,6.38333333333333,7.61666666666667,2.83333333333333,5.35,3.4,968.483333333333,93.1666666666667,5459,41.9923076923077
